index,type,position,t_enter_SA1,t_enter_PW,t_enter_SA3,t_exit_system,t_SA1_basic,t_SA1_add,t_PW_basic,t_SA2_add,t_SA3_basic,t_SA3_add,total_time
0,PA2,PASSED,0.2,3.2,6.1,12.2,2.9130434782608696,0.0,2.826086956521739,0.0,6.027950310559007,0.0,11.767080745341616
1,PA1,PASSED,0.4,3.8,19.3,25.4,3.329192546583851,0.0,15.499999999999998,0.0,6.054490101346278,0.0,24.883682647930126
2,PA2,PASSED,0.4,3.4,6.3,12.4,2.9130434782608696,0.0,2.826086956521739,0.0,6.027950310559007,0.0,11.767080745341616
3,PA2,PASSED,0.7,3.7,6.6,12.7,2.9130434782608696,0.0,2.826086956521739,0.0,6.027950310559007,0.0,11.767080745341616
4,PA1,PASSED,0.9,4.3,19.8,25.9,3.329192546583851,0.0,15.499999999999998,0.0,6.097632819212057,0.0,24.926825365795906
5,PA2,PASSED,0.9,3.9,6.8,12.9,2.9130434782608696,0.0,2.826086956521739,0.0,6.027950310559007,0.0,11.767080745341616
6,PA2,PASSED,1.2,4.2,7.1,13.2,2.9130434782608696,0.0,2.8107115593584364,0.0,6.027950310559007,0.0,11.751705348178312
7,PA1,PASSED,1.4,4.8,20.3,26.5,3.329192546583851,0.0,15.499999999999998,0.0,6.144180860580524,0.0,24.97337340716437
8,PA2,PASSED,1.4,4.4,7.3,13.4,2.9130434782608696,0.0,2.807838451016892,0.0,6.027950310559007,0.0,11.74883223983677
9,PA2,PASSED,1.7,4.7,7.6,13.7,2.9130434782608696,0.0,2.820700016951719,0.0,6.027950310559007,0.0,11.761693805771596
10,PA1,PASSED,1.9,5.3,20.8,27.0,3.329192546583851,0.0,15.499999999999998,0.0,6.194297626422116,0.0,25.023490173005964
11,PA2,PASSED,1.9,4.9,7.8,13.9,2.9130434782608696,0.0,2.848623682449669,0.0,6.025440593583726,0.0,11.787107754294265
12,PA2,PASSED,2.2,5.2,8.1,14.2,2.9130434782608696,0.0,2.8913690758422628,0.0,6.017246687100602,0.0,11.821659241203735
13,PA1,PASSED,2.4,5.8,21.3,27.6,3.329192546583851,0.0,15.499999999999998,0.0,6.248164802834523,0.0,25.07735734941837
14,PA2,PASSED,2.4,5.4,8.4,14.5,2.9130434782608696,0.0,2.949076434479606,0.0,6.01243794835881,0.0,11.874557861099285
15,PA2,PASSED,2.7,5.7,8.8,14.9,2.9130434782608696,0.0,3.0222411257771196,0.0,6.01087715681968,0.0,11.946161760857668
16,PA1,PASSED,2.9,6.3,21.8,28.2,3.329192546583851,0.0,15.499999999999998,0.0,6.30598363874442,0.0,25.13517618532827
17,PA2,PASSED,2.9,5.9,9.1,15.2,2.9130434782608696,0.0,3.111708862692683,0.0,6.01245341260605,0.0,12.037205753559602
18,PA2,PASSED,3.2,6.2,9.4,15.5,2.9130434782608696,0.0,3.111708862692683,0.0,6.017079381605948,0.0,12.0418317225595
19,PA1,PASSED,3.4,6.8,22.3,28.7,3.329192546583851,0.0,15.499999999999998,0.0,6.367976390989625,0.0,25.197168937573473
20,PA2,PASSED,3.4,6.4,9.6,15.7,2.9130434782608696,0.0,3.111708862692683,0.0,6.024689063525058,0.0,12.04944140447861
21,PA2,PASSED,3.7,6.7,9.9,16.0,2.9130434782608696,0.0,3.111708862692683,0.0,6.035235995575259,0.0,12.05998833652881
22,PA1,PASSED,3.9,7.3,22.8,29.3,3.329192546583851,0.0,15.499999999999998,0.0,6.434387945936557,0.0,25.263580492520404
23,PA2,PASSED,3.9,6.9,10.1,16.2,2.9130434782608696,0.0,3.111708862692683,0.0,6.048691823155149,0.0,12.073444164108702
24,PA2,PASSED,4.2,7.2,10.4,16.5,2.9130434782608696,0.0,3.111708862692683,0.0,6.0650451834832815,0.0,12.089797524436834
25,PA1,PASSED,4.4,7.8,23.3,29.9,3.329192546583851,0.0,15.499999999999998,0.0,6.505487627210989,0.0,25.334680173794837
26,PA2,PASSED,4.4,7.4,10.6,16.7,2.9130434782608696,0.0,3.111708862692683,0.0,6.084300859680093,0.0,12.109053200633646
27,PA2,PASSED,4.7,7.7,10.9,17.1,2.9130434782608696,0.0,3.111708862692683,0.0,6.106479171997104,0.0,12.131231512950656
28,PA1,PASSED,4.9,8.3,23.8,30.4,3.329192546583851,0.0,15.499999999999998,0.0,6.581571199039004,0.0,25.41076374562285
29,PA2,PASSED,4.9,7.9,11.1,17.3,2.9130434782608696,0.0,3.111708862692683,0.0,6.131615580312284,0.0,12.156367921265836
30,PA2,PASSED,5.2,8.2,11.4,17.6,2.9130434782608696,0.0,3.111708862692683,0.0,6.159760478062799,0.0,12.184512819016351
31,PA1,PASSED,5.4,8.8,24.3,31.0,3.329192546583851,0.0,15.499999999999998,0.0,6.662963073923846,0.0,25.492155620507695
32,PA2,PASSED,5.4,8.4,11.7,17.9,2.9130434782608696,0.0,3.2186887218672475,0.0,6.190979162784613,0.0,12.322711362912731
33,PA2,PASSED,5.7,8.7,12.0,18.3,2.9130434782608696,0.0,3.2186887218672475,0.0,6.225351972611769,0.0,12.357084172739885
34,PA1,PASSED,5.9,9.3,24.8,31.6,3.329192546583851,0.0,15.499999999999998,0.0,6.750018731666712,0.0,25.57921127825056
35,PA2,PASSED,5.9,8.9,12.2,18.5,2.9130434782608696,0.0,3.2186887218672475,0.0,6.262974581639389,0.0,12.394706781767507
36,PA2,PASSED,6.2,9.2,12.5,18.8,2.9130434782608696,0.0,3.2186887218672475,0.0,6.225351972611769,0.0,12.357084172739885
37,PA1,PASSED,6.4,9.8,25.3,32.2,3.329192546583851,0.0,15.499999999999998,0.0,6.843127353725935,0.0,25.67231990030978
38,PA2,PASSED,6.4,9.4,12.8,19.1,2.9130434782608696,0.0,3.344782817194601,0.0,6.225351972611769,0.0,12.483178268067238
39,PA2,PASSED,6.7,9.7,13.0,19.3,2.9130434782608696,0.0,3.2186887218672475,0.0,6.225351972611769,0.0,12.357084172739885
40,PA1,PASSED,6.9,10.3,25.8,32.7,3.329192546583851,0.0,15.499999999999998,0.0,6.843127353725935,0.0,25.67231990030978
41,PA2,PASSED,6.9,9.9,13.3,19.6,2.9130434782608696,0.0,3.344782817194601,0.0,6.225351972611769,0.0,12.483178268067238
42,PA2,PASSED,7.2,10.2,13.5,19.8,2.9130434782608696,0.0,3.2186887218672475,0.0,6.225351972611769,0.0,12.357084172739885
43,PA1,PASSED,7.4,10.8,26.3,33.2,3.329192546583851,0.0,15.499999999999998,0.0,6.843127353725935,0.0,25.67231990030978
44,PA2,PASSED,7.4,10.4,13.8,20.1,2.9130434782608696,0.0,3.344782817194601,0.0,6.225351972611769,0.0,12.483178268067238
45,PA2,PASSED,7.7,10.7,14.0,20.3,2.9130434782608696,0.0,3.2186887218672475,0.0,6.225351972611769,0.0,12.357084172739885
46,PA1,PASSED,7.9,19.4,34.9,41.3,3.329192546583851,8.099999999999987,15.499999999999998,0.0,6.30598363874442,0.0,33.23517618532826
47,PA2,PASSED,7.9,10.9,14.3,20.6,2.9130434782608696,0.0,3.344782817194601,0.0,6.225351972611769,0.0,12.483178268067238
48,PA2,PASSED,8.2,11.2,14.5,20.8,2.9130434782608696,0.0,3.2186887218672475,0.0,6.262974581639389,0.0,12.394706781767507
49,PA1,PASSED,8.4,19.9,35.4,41.8,3.329192546583851,8.099999999999987,15.499999999999998,0.0,6.30598363874442,0.0,33.23517618532826
50,PA2,PASSED,8.4,11.4,14.8,21.1,2.9130434782608696,0.0,3.344782817194601,0.0,6.262974581639389,0.0,12.52080087709486
51,PA2,PASSED,8.7,11.7,15.1,21.4,2.9130434782608696,0.0,3.344782817194601,0.0,6.262974581639389,0.0,12.52080087709486
52,PA1,PASSED,8.9,20.4,35.9,42.3,3.329192546583851,8.099999999999987,15.499999999999998,0.0,6.367976390989625,0.0,33.29716893757346
53,PA2,PASSED,8.9,11.9,15.3,21.6,2.9130434782608696,0.0,3.344782817194601,0.0,6.262974581639389,0.0,12.52080087709486
54,PA2,PASSED,9.2,12.2,15.6,21.9,2.9130434782608696,0.0,3.344782817194601,0.0,6.262974581639389,0.0,12.52080087709486
55,PA1,PASSED,9.4,20.9,36.4,42.9,3.329192546583851,8.099999999999987,15.499999999999998,0.0,6.434387945936557,0.0,33.36358049252039
56,PA2,PASSED,9.4,12.4,15.8,22.1,2.9130434782608696,0.0,3.344782817194601,0.0,6.262974581639389,0.0,12.52080087709486
57,PA2,PASSED,9.7,12.7,16.1,22.4,2.9130434782608696,0.0,3.344782817194601,0.0,6.262974581639389,0.0,12.52080087709486
58,PA1,PASSED,9.9,21.4,36.9,43.4,3.329192546583851,8.099999999999987,15.499999999999998,0.0,6.434387945936557,0.0,33.36358049252039
59,PA2,PASSED,9.9,12.9,16.3,22.6,2.9130434782608696,0.0,3.344782817194601,0.0,6.262974581639389,0.0,12.52080087709486
60,PA2,PASSED,10.2,13.2,16.6,22.9,2.9130434782608696,0.0,3.344782817194601,0.0,6.262974581639389,0.0,12.52080087709486
61,PA1,PASSED,10.4,21.9,37.4,44.0,3.329192546583851,8.099999999999987,15.499999999999998,0.0,6.505487627210989,0.0,33.434680173794824
62,PA2,PASSED,10.4,13.4,16.8,23.1,2.9130434782608696,0.0,3.344782817194601,0.0,6.262974581639389,0.0,12.52080087709486
63,PA2,PASSED,10.7,13.7,17.1,23.5,2.9130434782608696,0.0,3.344782817194601,0.0,6.3039584501128365,0.0,12.561784745568307
64,PA1,PASSED,10.9,22.4,37.9,44.5,3.329192546583851,8.099999999999987,15.499999999999998,0.0,6.581571199039004,0.0,33.51076374562284
65,PA2,PASSED,10.9,13.9,17.3,23.7,2.9130434782608696,0.0,3.344782817194601,0.0,6.3039584501128365,0.0,12.561784745568307
66,PA2,PASSED,11.2,14.2,17.6,24.0,2.9130434782608696,0.0,3.344782817194601,0.0,6.3039584501128365,0.0,12.561784745568307
67,PA1,PASSED,11.4,22.9,38.4,45.1,3.329192546583851,8.099999999999987,15.499999999999998,0.0,6.662963073923846,0.0,33.59215562050768
68,PA2,PASSED,11.4,14.4,17.8,24.2,2.9130434782608696,0.0,3.344782817194601,0.0,6.3039584501128365,0.0,12.561784745568307
69,PA2,PASSED,11.7,14.7,18.1,24.5,2.9130434782608696,0.0,3.344782817194601,0.0,6.3039584501128365,0.0,12.561784745568307
70,PA1,PASSED,11.9,23.4,38.9,45.6,3.329192546583851,8.099999999999987,15.499999999999998,0.0,6.662963073923846,0.0,33.59215562050768
71,PA2,PASSED,11.9,14.9,18.3,24.7,2.9130434782608696,0.0,3.344782817194601,0.0,6.348431428076536,0.0,12.606257723532007
72,PA2,PASSED,12.2,15.2,18.6,25.0,2.9130434782608696,0.0,3.344782817194601,0.0,6.3039584501128365,0.0,12.561784745568307
73,PA1,PASSED,12.4,23.9,39.4,46.2,3.329192546583851,8.099999999999987,15.499999999999998,0.0,6.750018731666712,0.0,33.67921127825055
74,PA2,PASSED,12.4,15.4,18.8,25.2,2.9130434782608696,0.0,3.344782817194601,0.0,6.348431428076536,0.0,12.606257723532007
75,PA2,PASSED,12.7,15.7,19.1,25.5,2.9130434782608696,0.0,3.344782817194601,0.0,6.348431428076536,0.0,12.606257723532007
76,PA1,PASSED,12.9,24.4,39.9,46.8,3.329192546583851,8.099999999999987,15.499999999999998,0.0,6.843127353725935,0.0,33.77231990030977
77,PA2,PASSED,12.9,15.9,19.3,25.7,2.9130434782608696,0.0,3.344782817194601,0.0,6.348431428076536,0.0,12.606257723532007
78,PA2,PASSED,13.2,16.2,19.6,26.0,2.9130434782608696,0.0,3.344782817194601,0.0,6.396538513477555,0.0,12.654364808933025
79,PA1,PASSED,13.4,24.9,40.4,47.4,3.329192546583851,8.099999999999987,15.499999999999998,0.0,6.9427146721284725,0.0,33.87190721871231
80,PA2,PASSED,13.4,16.4,19.8,26.2,2.9130434782608696,0.0,3.344782817194601,0.0,6.396538513477555,0.0,12.654364808933025
81,PA2,PASSED,13.7,16.7,20.1,26.6,2.9130434782608696,0.0,3.344782817194601,0.0,6.448442767825407,0.0,12.706269063280878
82,PA1,PASSED,13.9,25.4,40.9,48.0,3.329192546583851,8.099999999999987,15.499999999999998,0.0,7.049246024969603,0.0,33.97843857155344
83,PA2,PASSED,13.9,16.9,20.3,26.8,2.9130434782608696,0.0,3.344782817194601,0.0,6.448442767825407,0.0,12.706269063280878
84,PA2,PASSED,14.2,17.2,20.6,27.2,2.9130434782608696,0.0,3.344782817194601,0.0,6.504326394393976,0.0,12.762152689849447
85,PA1,PASSED,14.4,25.9,41.4,48.5,3.329192546583851,8.099999999999987,15.499999999999998,0.0,7.049246024969603,0.0,33.97843857155344
86,PA2,PASSED,14.4,17.4,20.8,27.4,2.9130434782608696,0.0,3.344782817194601,0.0,6.504326394393976,0.0,12.762152689849447
87,PA2,PASSED,14.7,17.7,21.1,27.7,2.9130434782608696,0.0,3.344782817194601,0.0,6.564391985626441,0.0,12.822218281081913
88,PA1,PASSED,14.9,26.4,41.9,49.0,3.329192546583851,8.099999999999987,15.499999999999998,0.0,7.049246024969603,0.0,33.97843857155344
89,PA2,PASSED,14.9,17.9,21.3,27.9,2.9130434782608696,0.0,3.344782817194601,0.0,6.564391985626441,0.0,12.822218281081913
90,PA2,PASSED,15.2,18.2,21.6,28.3,2.9130434782608696,0.0,3.344782817194601,0.0,6.628863947860216,0.0,12.886690243315687
91,PA1,PASSED,15.4,35.0,50.5,56.8,3.329192546583851,16.19999999999996,15.499999999999998,0.0,6.248164802834523,0.0,41.27735734941833
92,PA2,PASSED,15.4,18.4,21.8,28.5,2.9130434782608696,0.0,3.344782817194601,0.0,6.628863947860216,0.0,12.886690243315687
93,PA2,PASSED,15.7,18.7,22.1,28.8,2.9130434782608696,0.0,3.344782817194601,0.0,6.6979901126925405,0.0,12.95581640814801
94,PA1,PASSED,15.9,35.5,51.0,57.4,3.329192546583851,16.19999999999996,15.499999999999998,0.0,6.30598363874442,0.0,41.33517618532823
95,PA2,PASSED,15.9,18.9,22.3,29.0,2.9130434782608696,0.0,3.344782817194601,0.0,6.6979901126925405,0.0,12.95581640814801
96,PA2,PASSED,16.2,19.2,22.6,29.4,2.9130434782608696,0.0,3.344782817194601,0.0,6.77204354519501,0.0,13.02986984065048
97,PA1,PASSED,16.4,36.0,51.5,57.9,3.329192546583851,16.19999999999996,15.499999999999998,0.0,6.367976390989625,0.0,41.39716893757343
98,PA2,PASSED,16.4,19.4,22.8,29.6,2.9130434782608696,0.0,3.344782817194601,0.0,6.77204354519501,0.0,13.02986984065048
99,PA2,PASSED,16.7,19.7,23.1,30.0,2.9130434782608696,0.0,3.344782817194601,0.0,6.851324559657186,0.0,13.109150855112656
100,PA1,PASSED,16.9,36.5,52.0,58.4,3.329192546583851,16.19999999999996,15.499999999999998,0.0,6.367976390989625,0.0,41.39716893757343
101,PA2,PASSED,16.9,19.9,23.3,30.2,2.9130434782608696,0.0,3.344782817194601,0.0,6.851324559657186,0.0,13.109150855112656
102,PA2,PASSED,17.2,20.2,23.6,30.6,2.9130434782608696,0.0,3.344782817194601,0.0,6.936162953448973,0.0,13.193989248904444
103,PA1,PASSED,17.4,37.0,52.5,59.0,3.329192546583851,16.19999999999996,15.499999999999998,0.0,6.434387945936557,0.0,41.463580492520364
104,PA2,PASSED,17.4,20.4,23.8,30.8,2.9130434782608696,0.0,3.344782817194601,0.0,6.936162953448973,0.0,13.193989248904444
105,PA2,PASSED,17.7,20.7,24.1,31.2,2.9130434782608696,0.0,3.344782817194601,0.0,7.026920468731522,0.0,13.284746764186991
106,PA1,PASSED,17.9,37.5,53.0,59.6,3.329192546583851,16.19999999999996,15.499999999999998,0.0,6.505487627210989,0.0,41.5346801737948
107,PA2,PASSED,17.9,20.9,24.3,31.4,2.9130434782608696,0.0,3.344782817194601,0.0,7.026920468731522,0.0,13.284746764186991
108,PA2,PASSED,18.2,21.2,24.6,31.8,2.9130434782608696,0.0,3.344782817194601,0.0,7.123993489831101,0.0,13.38181978528657
109,PA1,PASSED,18.4,38.0,53.5,60.1,3.329192546583851,16.19999999999996,15.499999999999998,0.0,6.581571199039004,0.0,41.61076374562281
110,PA2,PASSED,18.4,21.4,24.8,32.0,2.9130434782608696,0.0,3.344782817194601,0.0,7.123993489831101,0.0,13.38181978528657
111,PA2,PASSED,18.7,21.7,25.1,32.4,2.9130434782608696,0.0,3.344782817194601,0.0,7.227815980730016,0.0,13.485642276185487
112,PA1,PASSED,18.9,38.5,54.0,60.7,3.329192546583851,16.19999999999996,15.499999999999998,0.0,6.662963073923846,0.0,41.692155620507656
113,PA2,PASSED,18.9,21.9,25.3,32.6,2.9130434782608696,0.0,3.344782817194601,0.0,7.227815980730016,0.0,13.485642276185487
114,PA2,PASSED,19.2,22.2,25.6,32.9,2.9130434782608696,0.0,3.344782817194601,0.0,7.227815980730016,0.0,13.485642276185487
115,PA1,PASSED,19.4,39.0,54.5,61.2,3.329192546583851,16.19999999999996,15.499999999999998,0.0,6.662963073923846,0.0,41.692155620507656
116,PA2,PASSED,19.4,22.4,25.8,33.1,2.9130434782608696,0.0,3.344782817194601,0.0,7.227815980730016,0.0,13.485642276185487
117,PA2,PASSED,19.7,22.7,26.1,33.4,2.9130434782608696,0.0,3.344782817194601,0.0,7.227815980730016,0.0,13.485642276185487
118,PA1,PASSED,19.9,39.5,55.0,61.8,3.329192546583851,16.19999999999996,15.499999999999998,0.0,6.750018731666712,0.0,41.77921127825052
119,PA2,PASSED,19.9,22.9,26.3,33.6,2.9130434782608696,0.0,3.344782817194601,0.0,7.227815980730016,0.0,13.485642276185487
120,PA2,PASSED,20.2,23.2,26.6,34.0,2.9130434782608696,0.0,3.344782817194601,0.0,7.338862661798051,0.0,13.596688957253521
121,PA1,PASSED,20.4,40.0,55.5,62.4,3.329192546583851,16.19999999999996,15.499999999999998,0.0,6.843127353725935,0.0,41.87231990030974
122,PA2,PASSED,20.4,23.4,26.8,34.2,2.9130434782608696,0.0,3.344782817194601,0.0,7.338862661798051,0.0,13.596688957253521
123,PA2,PASSED,20.7,23.7,27.1,34.4,2.9130434782608696,0.0,3.344782817194601,0.0,7.227815980730016,0.0,13.485642276185487
124,PA1,PASSED,20.9,40.5,56.0,63.0,3.329192546583851,16.19999999999996,15.499999999999998,0.0,6.9427146721284725,0.0,41.97190721871228
125,PA2,PASSED,20.9,23.9,27.3,34.6,2.9130434782608696,0.0,3.344782817194601,0.0,7.227815980730016,0.0,13.485642276185487
126,PA2,PASSED,21.2,24.2,27.6,34.9,2.9130434782608696,0.0,3.344782817194601,0.0,7.227815980730016,0.0,13.485642276185487
127,PA1,PASSED,21.4,41.0,56.5,63.6,3.329192546583851,16.19999999999996,15.499999999999998,0.0,7.049246024969603,0.0,42.07843857155341
128,PA2,PASSED,21.4,24.4,27.8,35.0,2.9130434782608696,0.0,3.344782817194601,0.0,7.123993489831101,0.0,13.38181978528657
129,PA2,PASSED,21.7,24.7,28.1,35.3,2.9130434782608696,0.0,3.344782817194601,0.0,7.123993489831101,0.0,13.38181978528657
130,PA1,PASSED,21.9,41.5,57.0,64.1,3.329192546583851,16.19999999999996,15.499999999999998,0.0,7.049246024969603,0.0,42.07843857155341
131,PA2,PASSED,21.9,24.9,28.3,35.5,2.9130434782608696,0.0,3.344782817194601,0.0,7.123993489831101,0.0,13.38181978528657
132,PA2,PASSED,22.2,25.2,28.6,35.7,2.9130434782608696,0.0,3.344782817194601,0.0,7.026920468731522,0.0,13.284746764186991
133,PA1,PASSED,22.4,42.0,57.5,64.6,3.329192546583851,16.19999999999996,15.499999999999998,0.0,7.049246024969603,0.0,42.07843857155341
134,PA2,PASSED,22.4,25.4,28.8,35.9,2.9130434782608696,0.0,3.344782817194601,0.0,7.026920468731522,0.0,13.284746764186991
135,PA2,PASSED,22.7,25.7,29.1,36.1,2.9130434782608696,0.0,3.344782817194601,0.0,6.936162953448973,0.0,13.193989248904444
136,PA1,PASSED,22.9,50.6,66.1,72.4,3.329192546583851,24.300000000000075,15.499999999999998,0.0,6.248164802834523,0.0,49.377357349418446
137,PA2,PASSED,22.9,25.9,29.3,36.4,2.9130434782608696,0.0,3.344782817194601,0.0,7.026920468731522,0.0,13.284746764186991
138,PA2,PASSED,23.2,26.2,29.6,36.6,2.9130434782608696,0.0,3.344782817194601,0.0,6.936162953448973,0.0,13.193989248904444
139,PA1,PASSED,23.4,51.1,66.6,73.0,3.329192546583851,24.300000000000075,15.499999999999998,0.0,6.30598363874442,0.0,49.435176185328345
140,PA2,PASSED,23.4,26.4,29.8,36.8,2.9130434782608696,0.0,3.344782817194601,0.0,6.936162953448973,0.0,13.193989248904444
141,PA2,PASSED,23.7,26.7,30.1,37.0,2.9130434782608696,0.0,3.344782817194601,0.0,6.851324559657186,0.0,13.109150855112656
142,PA1,PASSED,23.9,51.6,67.1,73.3,3.329192546583851,24.300000000000075,15.499999999999998,0.0,6.194297626422116,0.0,49.323490173006036
143,PA2,PASSED,23.9,26.9,30.3,37.2,2.9130434782608696,0.0,3.344782817194601,0.0,6.851324559657186,0.0,13.109150855112656
144,PA2,PASSED,24.2,27.2,30.6,37.5,2.9130434782608696,0.0,3.344782817194601,0.0,6.851324559657186,0.0,13.109150855112656
145,PA1,PASSED,24.4,52.1,67.6,73.8,3.329192546583851,24.300000000000075,15.499999999999998,0.0,6.144180860580524,0.0,49.27337340716444
146,PA2,PASSED,24.4,27.4,30.8,37.7,2.9130434782608696,0.0,3.344782817194601,0.0,6.851324559657186,0.0,13.109150855112656
147,PA2,PASSED,24.7,27.7,31.1,37.9,2.9130434782608696,0.0,3.344782817194601,0.0,6.77204354519501,0.0,13.02986984065048
148,PA1,PASSED,24.9,52.6,68.1,74.2,3.329192546583851,24.300000000000075,15.499999999999998,0.0,6.097632819212057,0.0,49.22682536579598
149,PA2,PASSED,24.9,27.9,31.3,38.1,2.9130434782608696,0.0,3.344782817194601,0.0,6.77204354519501,0.0,13.02986984065048
150,PA2,PASSED,25.2,28.2,31.6,38.4,2.9130434782608696,0.0,3.344782817194601,0.0,6.77204354519501,0.0,13.02986984065048
151,PA1,PASSED,25.4,53.1,68.6,74.7,3.329192546583851,24.300000000000075,15.499999999999998,0.0,6.054490101346278,0.0,49.1836826479302
152,PA2,PASSED,25.4,28.4,31.8,38.6,2.9130434782608696,0.0,3.344782817194601,0.0,6.77204354519501,0.0,13.02986984065048
153,PA2,PASSED,25.7,28.7,32.1,38.8,2.9130434782608696,0.0,3.344782817194601,0.0,6.6979901126925405,0.0,12.95581640814801
154,PA1,PASSED,25.9,53.6,69.1,75.1,3.329192546583851,24.300000000000075,15.499999999999998,0.0,5.97785189753901,0.0,49.107044444122934
155,PA2,PASSED,25.9,28.9,32.3,39.0,2.9130434782608696,0.0,3.344782817194601,0.0,6.6979901126925405,0.0,12.95581640814801
156,PA2,PASSED,26.2,29.2,32.6,39.3,2.9130434782608696,0.0,3.344782817194601,0.0,6.6979901126925405,0.0,12.95581640814801
157,PA1,PASSED,26.4,54.1,69.6,75.6,3.329192546583851,24.300000000000075,15.499999999999998,0.0,5.944111719909817,0.0,49.073304266493736
158,PA2,PASSED,26.4,29.4,32.8,39.5,2.9130434782608696,0.0,3.344782817194601,0.0,6.628863947860216,0.0,12.886690243315687
159,PA2,PASSED,26.7,29.7,33.1,39.8,2.9130434782608696,0.0,3.344782817194601,0.0,6.628863947860216,0.0,12.886690243315687
160,PA1,PASSED,26.9,54.6,70.1,76.1,3.329192546583851,24.300000000000075,15.499999999999998,0.0,5.913285981367036,0.0,49.04247852795096
161,PA2,PASSED,26.9,29.9,33.3,39.9,2.9130434782608696,0.0,3.344782817194601,0.0,6.564391985626441,0.0,12.822218281081913
162,PA2,PASSED,27.2,30.2,33.6,40.2,2.9130434782608696,0.0,3.344782817194601,0.0,6.564391985626441,0.0,12.822218281081913
163,PA1,PASSED,27.4,55.1,70.6,76.5,3.329192546583851,24.300000000000075,15.499999999999998,0.0,5.885288880817988,0.0,49.01448142740191
164,PA2,PASSED,27.4,30.4,33.8,40.4,2.9130434782608696,0.0,3.344782817194601,0.0,6.564391985626441,0.0,12.822218281081913
165,PA2,PASSED,27.7,30.7,34.1,40.7,2.9130434782608696,0.0,3.344782817194601,0.0,6.564391985626441,0.0,12.822218281081913
166,PA1,PASSED,27.9,55.6,71.1,77.0,3.329192546583851,24.300000000000075,15.499999999999998,0.0,5.837505891348753,0.0,48.96669843793268
167,PA2,PASSED,27.9,30.9,34.3,40.9,2.9130434782608696,0.0,3.344782817194601,0.0,6.564391985626441,0.0,12.822218281081913
168,PA2,PASSED,28.2,31.2,34.6,41.2,2.9130434782608696,0.0,3.344782817194601,0.0,6.564391985626441,0.0,12.822218281081913
169,PA1,PASSED,28.4,56.1,71.6,77.5,3.329192546583851,24.300000000000075,15.499999999999998,0.0,5.817616250081656,0.0,48.94680879666558
170,PA2,PASSED,28.4,31.4,34.8,41.4,2.9130434782608696,0.0,3.344782817194601,0.0,6.564391985626441,0.0,12.822218281081913
171,PA2,PASSED,28.7,31.7,35.1,41.7,2.9130434782608696,0.0,3.344782817194601,0.0,6.564391985626441,0.0,12.822218281081913
172,PA1,PASSED,28.9,56.6,72.1,78.0,3.329192546583851,24.300000000000075,15.499999999999998,0.0,5.80034764612137,0.0,48.92954019270529
173,PA2,PASSED,28.9,31.9,35.3,42.0,2.9130434782608696,0.0,3.344782817194601,0.0,6.628863947860216,0.0,12.886690243315687
174,PA2,PASSED,29.2,32.2,35.6,42.3,2.9130434782608696,0.0,3.344782817194601,0.0,6.628863947860216,0.0,12.886690243315687
175,PA1,PASSED,29.4,57.1,72.6,78.4,3.329192546583851,24.300000000000075,15.499999999999998,0.0,5.77361459062646,0.0,48.90280713721038
176,PA2,PASSED,29.4,32.4,35.8,42.5,2.9130434782608696,0.0,3.344782817194601,0.0,6.628863947860216,0.0,12.886690243315687
177,PA2,PASSED,29.7,32.7,36.1,42.8,2.9130434782608696,0.0,3.344782817194601,0.0,6.6979901126925405,0.0,12.95581640814801
178,PA1,PASSED,29.9,57.6,73.1,78.9,3.329192546583851,24.300000000000075,15.499999999999998,0.0,5.757331632152754,0.0,48.88652417873668
179,PA2,PASSED,29.9,32.9,36.3,43.0,2.9130434782608696,0.0,3.344782817194601,0.0,6.6979901126925405,0.0,12.95581640814801
180,PA2,PASSED,30.2,33.2,36.6,43.4,2.9130434782608696,0.0,3.344782817194601,0.0,6.77204354519501,0.0,13.02986984065048
181,PA1,PASSED,30.4,66.2,81.7,87.5,3.329192546583851,32.40000000000019,15.499999999999998,0.0,5.767080745341614,0.0,56.996273291925654
182,PA2,PASSED,30.4,33.4,36.8,43.6,2.9130434782608696,0.0,3.344782817194601,0.0,6.77204354519501,0.0,13.02986984065048
183,PA2,PASSED,30.7,33.7,37.1,43.9,2.9130434782608696,0.0,3.344782817194601,0.0,6.77204354519501,0.0,13.02986984065048
184,PA1,PASSED,30.9,66.7,82.2,88.0,3.329192546583851,32.40000000000019,15.499999999999998,0.0,5.767080745341614,0.0,56.996273291925654
185,PA2,PASSED,30.9,33.9,37.3,44.1,2.9130434782608696,0.0,3.344782817194601,0.0,6.77204354519501,0.0,13.02986984065048
186,PA2,PASSED,31.2,34.2,37.6,44.5,2.9130434782608696,0.0,3.344782817194601,0.0,6.851324559657186,0.0,13.109150855112656
187,PA1,PASSED,31.4,67.2,82.7,88.5,3.329192546583851,32.40000000000019,15.499999999999998,0.0,5.767080745341614,0.0,56.996273291925654
188,PA2,PASSED,31.4,34.4,37.8,44.7,2.9130434782608696,0.0,3.344782817194601,0.0,6.851324559657186,0.0,13.109150855112656
189,PA2,PASSED,31.7,34.7,38.1,45.1,2.9130434782608696,0.0,3.344782817194601,0.0,6.936162953448973,0.0,13.193989248904444
190,PA1,PASSED,31.9,67.7,83.2,89.0,3.329192546583851,32.40000000000019,15.499999999999998,0.0,5.767080745341614,0.0,56.996273291925654
191,PA2,PASSED,31.9,34.9,38.3,45.3,2.9130434782608696,0.0,3.344782817194601,0.0,6.936162953448973,0.0,13.193989248904444
192,PA2,PASSED,32.2,35.2,38.6,45.7,2.9130434782608696,0.0,3.344782817194601,0.0,7.026920468731522,0.0,13.284746764186991
193,PA1,PASSED,32.4,68.2,83.7,89.5,3.329192546583851,32.40000000000019,15.499999999999998,0.0,5.767080745341614,0.0,56.996273291925654
194,PA2,PASSED,32.4,35.4,38.8,45.9,2.9130434782608696,0.0,3.344782817194601,0.0,7.026920468731522,0.0,13.284746764186991
195,PA2,PASSED,32.7,35.7,39.1,46.2,2.9130434782608696,0.0,3.344782817194601,0.0,7.026920468731522,0.0,13.284746764186991
196,PA1,PASSED,32.9,68.7,84.2,90.0,3.329192546583851,32.40000000000019,15.499999999999998,0.0,5.767080745341614,0.0,56.996273291925654
197,PA2,PASSED,32.9,35.9,39.3,46.5,2.9130434782608696,0.0,3.344782817194601,0.0,7.123993489831101,0.0,13.38181978528657
198,PA2,PASSED,33.2,36.2,39.6,46.8,2.9130434782608696,0.0,3.344782817194601,0.0,7.123993489831101,0.0,13.38181978528657
199,PA1,PASSED,33.4,69.2,84.7,90.5,3.329192546583851,32.40000000000019,15.499999999999998,0.0,5.767080745341614,0.0,56.996273291925654
200,PA2,PASSED,33.4,36.4,39.8,47.1,2.9130434782608696,0.0,3.344782817194601,0.0,7.227815980730016,0.0,13.485642276185487
201,PA2,PASSED,33.7,36.7,40.1,47.4,2.9130434782608696,0.0,3.344782817194601,0.0,7.227815980730016,0.0,13.485642276185487
202,PA1,PASSED,33.9,69.7,85.2,91.0,3.329192546583851,32.40000000000019,15.499999999999998,0.0,5.76483001635887,0.0,56.99402256294291
203,PA2,PASSED,33.9,36.9,40.3,47.6,2.9130434782608696,0.0,3.344782817194601,0.0,7.227815980730016,0.0,13.485642276185487
204,PA2,PASSED,34.2,37.2,40.6,48.0,2.9130434782608696,0.0,3.344782817194601,0.0,7.338862661798051,0.0,13.596688957253521
205,PA1,PASSED,34.4,70.2,85.7,91.5,3.329192546583851,32.40000000000019,15.499999999999998,0.0,5.757481672706928,0.0,56.98667421929096
206,PA2,PASSED,34.4,37.4,40.8,48.2,2.9130434782608696,0.0,3.344782817194601,0.0,7.338862661798051,0.0,13.596688957253521
207,PA2,PASSED,34.7,37.7,41.1,48.6,2.9130434782608696,0.0,3.344782817194601,0.0,7.457652416883915,0.0,13.715478712339387
208,PA1,PASSED,34.9,70.7,86.2,92.0,3.329192546583851,32.40000000000019,15.499999999999998,0.0,5.753169167447091,0.0,56.98236171403113
209,PA2,PASSED,34.9,37.9,41.3,48.8,2.9130434782608696,0.0,3.344782817194601,0.0,7.457652416883915,0.0,13.715478712339387
210,PA2,PASSED,35.2,38.2,41.6,49.1,2.9130434782608696,0.0,3.344782817194601,0.0,7.457652416883915,0.0,13.715478712339387
211,PA1,PASSED,35.4,71.2,86.7,92.5,3.329192546583851,32.40000000000019,15.499999999999998,0.0,5.751769440391113,0.0,56.98096198697515
212,PA2,PASSED,35.4,38.4,41.8,49.3,2.9130434782608696,0.0,3.344782817194601,0.0,7.457652416883915,0.0,13.715478712339387
213,PA2,PASSED,35.7,38.7,42.1,49.6,2.9130434782608696,0.0,3.344782817194601,0.0,7.457652416883915,0.0,13.715478712339387
214,PA1,PASSED,35.9,71.7,87.2,93.0,3.329192546583851,32.40000000000019,15.499999999999998,0.0,5.753183035875205,0.0,56.98237558245924
215,PA2,PASSED,35.9,38.9,42.3,49.9,2.9130434782608696,0.0,3.344782817194601,0.0,7.584751910273507,0.0,13.842578205728977
216,PA2,PASSED,36.2,39.2,42.6,50.0,2.9130434782608696,0.0,3.344782817194601,0.0,7.338862661798051,0.0,13.596688957253521
217,PA1,PASSED,36.4,72.2,87.7,93.5,3.329192546583851,32.40000000000019,15.499999999999998,0.0,5.753183035875205,0.0,56.98237558245924
218,PA2,PASSED,36.4,39.4,42.8,50.3,2.9130434782608696,0.0,3.344782817194601,0.0,7.457652416883915,0.0,13.715478712339387
219,PA2,PASSED,36.7,39.7,43.1,50.4,2.9130434782608696,0.0,3.344782817194601,0.0,7.227815980730016,0.0,13.485642276185487
220,PA1,PASSED,36.9,72.7,88.2,94.0,3.329192546583851,32.40000000000019,15.499999999999998,0.0,5.753183035875205,0.0,56.98237558245924
221,PA2,PASSED,36.9,39.9,43.3,50.7,2.9130434782608696,0.0,3.344782817194601,0.0,7.338862661798051,0.0,13.596688957253521
222,PA2,PASSED,37.2,40.2,43.6,50.9,2.9130434782608696,0.0,3.344782817194601,0.0,7.227815980730016,0.0,13.485642276185487
223,PA1,PASSED,37.4,73.2,88.7,94.5,3.329192546583851,32.40000000000019,15.499999999999998,0.0,5.753183035875205,0.0,56.98237558245924
224,PA2,PASSED,37.4,40.4,43.8,51.1,2.9130434782608696,0.0,3.344782817194601,0.0,7.227815980730016,0.0,13.485642276185487
225,PA2,PASSED,37.7,40.7,44.1,51.3,2.9130434782608696,0.0,3.344782817194601,0.0,7.123993489831101,0.0,13.38181978528657
226,PA1,PASSED,37.9,81.8,97.3,103.1,3.329192546583851,40.500000000000306,15.499999999999998,0.0,5.767080745341614,0.0,65.09627329192577
227,PA2,PASSED,37.9,40.9,44.3,51.5,2.9130434782608696,0.0,3.344782817194601,0.0,7.123993489831101,0.0,13.38181978528657
228,PA2,PASSED,38.2,41.2,44.6,51.7,2.9130434782608696,0.0,3.344782817194601,0.0,7.026920468731522,0.0,13.284746764186991
229,PA1,PASSED,38.4,82.3,97.8,103.6,3.329192546583851,40.500000000000306,15.499999999999998,0.0,5.767080745341614,0.0,65.09627329192577
230,PA2,PASSED,38.4,41.4,44.8,51.9,2.9130434782608696,0.0,3.344782817194601,0.0,7.026920468731522,0.0,13.284746764186991
231,PA2,PASSED,38.7,41.7,45.1,52.3,2.9130434782608696,0.0,3.344782817194601,0.0,7.123993489831101,0.0,13.38181978528657
232,PA1,PASSED,38.9,82.8,98.3,104.1,3.329192546583851,40.500000000000306,15.499999999999998,0.0,5.767080745341614,0.0,65.09627329192577
233,PA2,PASSED,38.9,41.9,45.3,52.4,2.9130434782608696,0.0,3.344782817194601,0.0,7.026920468731522,0.0,13.284746764186991
234,PA2,PASSED,39.2,42.2,45.6,52.7,2.9130434782608696,0.0,3.344782817194601,0.0,7.026920468731522,0.0,13.284746764186991
235,PA1,PASSED,39.4,83.3,98.8,104.6,3.329192546583851,40.500000000000306,15.499999999999998,0.0,5.767080745341614,0.0,65.09627329192577
236,PA2,PASSED,39.4,42.4,45.8,52.8,2.9130434782608696,0.0,3.344782817194601,0.0,6.936162953448973,0.0,13.193989248904444
237,PA2,PASSED,39.7,42.7,46.1,53.1,2.9130434782608696,0.0,3.344782817194601,0.0,6.936162953448973,0.0,13.193989248904444
238,PA1,PASSED,39.9,83.8,99.3,105.1,3.329192546583851,40.500000000000306,15.499999999999998,0.0,5.767080745341614,0.0,65.09627329192577
239,PA2,PASSED,39.9,42.9,46.3,53.2,2.9130434782608696,0.0,3.344782817194601,0.0,6.851324559657186,0.0,13.109150855112656
240,PA2,PASSED,40.2,43.2,46.6,53.5,2.9130434782608696,0.0,3.344782817194601,0.0,6.851324559657186,0.0,13.109150855112656
241,PA1,PASSED,40.4,84.3,99.8,105.6,3.329192546583851,40.500000000000306,15.499999999999998,0.0,5.767080745341614,0.0,65.09627329192577
242,PA2,PASSED,40.4,43.4,46.8,53.8,2.9130434782608696,0.0,3.344782817194601,0.0,6.936162953448973,0.0,13.193989248904444
243,PA2,PASSED,40.7,43.7,47.1,54.0,2.9130434782608696,0.0,3.344782817194601,0.0,6.851324559657186,0.0,13.109150855112656
244,PA1,PASSED,40.9,84.8,100.3,106.1,3.329192546583851,40.500000000000306,15.499999999999998,0.0,5.767080745341614,0.0,65.09627329192577
245,PA2,PASSED,40.9,43.9,47.3,54.2,2.9130434782608696,0.0,3.344782817194601,0.0,6.851324559657186,0.0,13.109150855112656
246,PA2,PASSED,41.2,44.2,47.6,54.4,2.9130434782608696,0.0,3.344782817194601,0.0,6.77204354519501,0.0,13.02986984065048
247,PA1,PASSED,41.4,85.3,100.8,106.6,3.329192546583851,40.500000000000306,15.499999999999998,0.0,5.76483001635887,0.0,65.09402256294302
248,PA2,PASSED,41.4,44.4,47.8,54.6,2.9130434782608696,0.0,3.344782817194601,0.0,6.77204354519501,0.0,13.02986984065048
249,PA2,PASSED,41.7,44.7,48.1,54.8,2.9130434782608696,0.0,3.344782817194601,0.0,6.6979901126925405,0.0,12.95581640814801
250,PA1,PASSED,41.9,85.8,101.3,107.1,3.329192546583851,40.500000000000306,15.499999999999998,0.0,5.757481672706928,0.0,65.08667421929108
251,PA2,PASSED,41.9,44.9,48.3,55.0,2.9130434782608696,0.0,3.344782817194601,0.0,6.6979901126925405,0.0,12.95581640814801
252,PA2,PASSED,42.2,45.2,48.6,55.3,2.9130434782608696,0.0,3.344782817194601,0.0,6.6979901126925405,0.0,12.95581640814801
253,PA1,PASSED,42.4,86.3,101.8,107.6,3.329192546583851,40.500000000000306,15.499999999999998,0.0,5.753169167447091,0.0,65.08236171403124
254,PA2,PASSED,42.4,45.4,48.8,55.5,2.9130434782608696,0.0,3.344782817194601,0.0,6.6979901126925405,0.0,12.95581640814801
255,PA2,PASSED,42.7,45.7,49.1,55.8,2.9130434782608696,0.0,3.344782817194601,0.0,6.628863947860216,0.0,12.886690243315687
256,PA1,PASSED,42.9,86.8,102.3,108.1,3.329192546583851,40.500000000000306,15.499999999999998,0.0,5.751769440391113,0.0,65.08096198697527
257,PA2,PASSED,42.9,45.9,49.3,56.0,2.9130434782608696,0.0,3.344782817194601,0.0,6.628863947860216,0.0,12.886690243315687
258,PA2,PASSED,43.2,46.2,49.6,56.3,2.9130434782608696,0.0,3.344782817194601,0.0,6.628863947860216,0.0,12.886690243315687
259,PA1,PASSED,43.4,87.3,102.8,108.6,3.329192546583851,40.500000000000306,15.499999999999998,0.0,5.753183035875205,0.0,65.08237558245935
260,PA2,PASSED,43.4,46.4,49.8,56.5,2.9130434782608696,0.0,3.344782817194601,0.0,6.628863947860216,0.0,12.886690243315687
261,PA2,PASSED,43.7,46.7,50.1,56.7,2.9130434782608696,0.0,3.344782817194601,0.0,6.564391985626441,0.0,12.822218281081913
262,PA1,PASSED,43.9,87.8,103.3,109.1,3.329192546583851,40.500000000000306,15.499999999999998,0.0,5.753183035875205,0.0,65.08237558245935
263,PA2,PASSED,43.9,46.9,50.3,57.0,2.9130434782608696,0.0,3.344782817194601,0.0,6.628863947860216,0.0,12.886690243315687
264,PA2,PASSED,44.2,47.2,50.6,57.3,2.9130434782608696,0.0,3.344782817194601,0.0,6.628863947860216,0.0,12.886690243315687
265,PA1,PASSED,44.4,88.3,103.8,109.6,3.329192546583851,40.500000000000306,15.499999999999998,0.0,5.753183035875205,0.0,65.08237558245935
266,PA2,PASSED,44.4,47.4,50.8,57.5,2.9130434782608696,0.0,3.344782817194601,0.0,6.628863947860216,0.0,12.886690243315687
267,PA2,PASSED,44.7,47.7,51.1,57.8,2.9130434782608696,0.0,3.344782817194601,0.0,6.6979901126925405,0.0,12.95581640814801
268,PA1,PASSED,44.9,88.8,104.3,110.1,3.329192546583851,40.500000000000306,15.499999999999998,0.0,5.753183035875205,0.0,65.08237558245935
269,PA2,PASSED,44.9,47.9,51.3,58.0,2.9130434782608696,0.0,3.344782817194601,0.0,6.6979901126925405,0.0,12.95581640814801
270,PA2,PASSED,45.2,48.2,51.6,58.3,2.9130434782608696,0.0,3.344782817194601,0.0,6.6979901126925405,0.0,12.95581640814801
271,PA1,PASSED,45.4,97.4,112.9,118.7,3.329192546583851,48.60000000000042,15.499999999999998,0.0,5.767080745341614,0.0,73.19627329192588
272,PA2,PASSED,45.4,48.4,51.8,58.5,2.9130434782608696,0.0,3.344782817194601,0.0,6.6979901126925405,0.0,12.95581640814801
273,PA2,PASSED,45.7,48.7,52.1,58.9,2.9130434782608696,0.0,3.344782817194601,0.0,6.77204354519501,0.0,13.02986984065048
274,PA1,PASSED,45.9,97.9,113.4,119.2,3.329192546583851,48.60000000000042,15.499999999999998,0.0,5.767080745341614,0.0,73.19627329192588
275,PA2,PASSED,45.9,48.9,52.3,59.2,2.9130434782608696,0.0,3.344782817194601,0.0,6.851324559657186,0.0,13.109150855112656
276,PA2,PASSED,46.2,49.2,52.6,59.5,2.9130434782608696,0.0,3.344782817194601,0.0,6.851324559657186,0.0,13.109150855112656
277,PA1,PASSED,46.4,98.4,113.9,119.7,3.329192546583851,48.60000000000042,15.499999999999998,0.0,5.767080745341614,0.0,73.19627329192588
278,PA2,PASSED,46.4,49.4,52.8,59.7,2.9130434782608696,0.0,3.344782817194601,0.0,6.851324559657186,0.0,13.109150855112656
279,PA2,PASSED,46.7,49.7,53.1,60.1,2.9130434782608696,0.0,3.344782817194601,0.0,6.936162953448973,0.0,13.193989248904444
280,PA1,PASSED,46.9,98.9,114.4,120.2,3.329192546583851,48.60000000000042,15.499999999999998,0.0,5.767080745341614,0.0,73.19627329192588
281,PA2,PASSED,46.9,49.9,53.3,60.2,2.9130434782608696,0.0,3.344782817194601,0.0,6.851324559657186,0.0,13.109150855112656
282,PA2,PASSED,47.2,50.2,53.6,60.6,2.9130434782608696,0.0,3.344782817194601,0.0,6.936162953448973,0.0,13.193989248904444
283,PA1,PASSED,47.4,99.4,114.9,120.7,3.329192546583851,48.60000000000042,15.499999999999998,0.0,5.767080745341614,0.0,73.19627329192588
284,PA2,PASSED,47.4,50.4,53.8,60.9,2.9130434782608696,0.0,3.344782817194601,0.0,7.026920468731522,0.0,13.284746764186991
285,PA2,PASSED,47.7,50.7,54.1,61.2,2.9130434782608696,0.0,3.344782817194601,0.0,7.026920468731522,0.0,13.284746764186991
286,PA1,PASSED,47.9,99.9,115.4,121.2,3.329192546583851,48.60000000000042,15.499999999999998,0.0,5.767080745341614,0.0,73.19627329192588
287,PA2,PASSED,47.9,50.9,54.3,61.4,2.9130434782608696,0.0,3.344782817194601,0.0,7.026920468731522,0.0,13.284746764186991
288,PA2,PASSED,48.2,51.2,54.6,61.8,2.9130434782608696,0.0,3.344782817194601,0.0,7.123993489831101,0.0,13.38181978528657
289,PA1,PASSED,48.4,100.4,115.9,121.7,3.329192546583851,48.60000000000042,15.499999999999998,0.0,5.767080745341614,0.0,73.19627329192588
290,PA2,PASSED,48.4,51.4,54.8,62.0,2.9130434782608696,0.0,3.344782817194601,0.0,7.123993489831101,0.0,13.38181978528657
291,PA2,PASSED,48.7,51.7,55.1,62.3,2.9130434782608696,0.0,3.344782817194601,0.0,7.123993489831101,0.0,13.38181978528657
292,PA1,PASSED,48.9,100.9,116.4,122.2,3.329192546583851,48.60000000000042,15.499999999999998,0.0,5.76483001635887,0.0,73.19402256294313
293,PA2,PASSED,48.9,51.9,55.3,62.6,2.9130434782608696,0.0,3.344782817194601,0.0,7.227815980730016,0.0,13.485642276185487
294,PA2,PASSED,49.2,52.2,55.6,62.9,2.9130434782608696,0.0,3.344782817194601,0.0,7.227815980730016,0.0,13.485642276185487
295,PA1,PASSED,49.4,101.4,116.9,122.7,3.329192546583851,48.60000000000042,15.499999999999998,0.0,5.757481672706928,0.0,73.18667421929119
296,PA2,PASSED,49.4,52.4,55.8,63.2,2.9130434782608696,0.0,3.344782817194601,0.0,7.338862661798051,0.0,13.596688957253521
297,PA2,PASSED,49.7,52.7,56.1,63.5,2.9130434782608696,0.0,3.344782817194601,0.0,7.338862661798051,0.0,13.596688957253521
298,PA1,PASSED,49.9,101.9,117.4,123.2,3.329192546583851,48.60000000000042,15.499999999999998,0.0,5.753169167447091,0.0,73.18236171403136
299,PA2,PASSED,49.9,52.9,56.3,63.8,2.9130434782608696,0.0,3.344782817194601,0.0,7.457652416883915,0.0,13.715478712339387
300,PA2,PASSED,50.2,53.2,56.6,64.1,2.9130434782608696,0.0,3.344782817194601,0.0,7.457652416883915,0.0,13.715478712339387
301,PA1,PASSED,50.4,102.4,117.9,123.7,3.329192546583851,48.60000000000042,15.499999999999998,0.0,5.751769440391113,0.0,73.18096198697538
302,PA2,PASSED,50.4,53.4,56.8,64.3,2.9130434782608696,0.0,3.344782817194601,0.0,7.457652416883915,0.0,13.715478712339387
303,PA2,PASSED,50.7,53.7,57.1,64.6,2.9130434782608696,0.0,3.344782817194601,0.0,7.457652416883915,0.0,13.715478712339387
304,PA1,PASSED,50.9,102.9,118.4,124.2,3.329192546583851,48.60000000000042,15.499999999999998,0.0,5.753183035875205,0.0,73.18237558245947
305,PA2,PASSED,50.9,53.9,57.3,64.9,2.9130434782608696,0.0,3.344782817194601,0.0,7.584751910273507,0.0,13.842578205728977
306,PA2,PASSED,51.2,54.2,57.6,65.1,2.9130434782608696,0.0,3.344782817194601,0.0,7.457652416883915,0.0,13.715478712339387
307,PA1,PASSED,51.4,103.4,118.9,124.7,3.329192546583851,48.60000000000042,15.499999999999998,0.0,5.753183035875205,0.0,73.18237558245947
308,PA2,PASSED,51.4,54.4,57.8,65.4,2.9130434782608696,0.0,3.344782817194601,0.0,7.584751910273507,0.0,13.842578205728977
309,PA2,PASSED,51.7,54.7,58.1,65.5,2.9130434782608696,0.0,3.344782817194601,0.0,7.338862661798051,0.0,13.596688957253521
310,PA1,PASSED,51.9,103.9,119.4,125.2,3.329192546583851,48.60000000000042,15.499999999999998,0.0,5.753183035875205,0.0,73.18237558245947
311,PA2,PASSED,51.9,54.9,58.3,65.8,2.9130434782608696,0.0,3.344782817194601,0.0,7.457652416883915,0.0,13.715478712339387
312,PA2,PASSED,52.2,55.2,58.6,65.9,2.9130434782608696,0.0,3.344782817194601,0.0,7.227815980730016,0.0,13.485642276185487
313,PA1,PASSED,52.4,104.4,119.9,125.7,3.329192546583851,48.60000000000042,15.499999999999998,0.0,5.753183035875205,0.0,73.18237558245947
314,PA2,PASSED,52.4,55.4,58.8,66.2,2.9130434782608696,0.0,3.344782817194601,0.0,7.338862661798051,0.0,13.596688957253521
315,PA2,PASSED,52.7,55.7,59.1,66.4,2.9130434782608696,0.0,3.344782817194601,0.0,7.227815980730016,0.0,13.485642276185487
316,PA1,PASSED,52.9,113.0,128.5,134.3,3.329192546583851,56.700000000000536,15.499999999999998,0.0,5.767080745341614,0.0,81.296273291926
317,PA2,PASSED,52.9,55.9,59.3,66.6,2.9130434782608696,0.0,3.344782817194601,0.0,7.227815980730016,0.0,13.485642276185487
318,PA2,PASSED,53.2,56.2,59.6,66.9,2.9130434782608696,0.0,3.344782817194601,0.0,7.227815980730016,0.0,13.485642276185487
319,PA1,PASSED,53.4,113.5,129.0,134.8,3.329192546583851,56.700000000000536,15.499999999999998,0.0,5.767080745341614,0.0,81.296273291926
320,PA2,PASSED,53.4,56.4,59.8,67.0,2.9130434782608696,0.0,3.344782817194601,0.0,7.123993489831101,0.0,13.38181978528657
321,PA2,PASSED,53.7,56.7,60.1,67.4,2.9130434782608696,0.0,3.344782817194601,0.0,7.227815980730016,0.0,13.485642276185487
322,PA1,PASSED,53.9,114.0,129.5,135.3,3.329192546583851,56.700000000000536,15.499999999999998,0.0,5.767080745341614,0.0,81.296273291926
323,PA2,PASSED,53.9,56.9,60.3,67.4,2.9130434782608696,0.0,3.344782817194601,0.0,7.026920468731522,0.0,13.284746764186991
324,PA2,PASSED,54.2,57.2,60.6,67.8,2.9130434782608696,0.0,3.344782817194601,0.0,7.123993489831101,0.0,13.38181978528657
325,PA1,PASSED,54.4,114.5,130.0,135.8,3.329192546583851,56.700000000000536,15.499999999999998,0.0,5.767080745341614,0.0,81.296273291926
326,PA2,PASSED,54.4,57.4,60.8,67.9,2.9130434782608696,0.0,3.344782817194601,0.0,7.026920468731522,0.0,13.284746764186991
327,PA2,PASSED,54.7,57.7,61.1,68.2,2.9130434782608696,0.0,3.344782817194601,0.0,7.026920468731522,0.0,13.284746764186991
328,PA1,PASSED,54.9,115.0,130.5,136.3,3.329192546583851,56.700000000000536,15.499999999999998,0.0,5.767080745341614,0.0,81.296273291926
329,PA2,PASSED,54.9,57.9,61.3,68.3,2.9130434782608696,0.0,3.344782817194601,0.0,6.936162953448973,0.0,13.193989248904444
330,PA2,PASSED,55.2,58.2,61.6,68.6,2.9130434782608696,0.0,3.344782817194601,0.0,6.936162953448973,0.0,13.193989248904444
331,PA1,PASSED,55.4,115.5,131.0,136.8,3.329192546583851,56.700000000000536,15.499999999999998,0.0,5.767080745341614,0.0,81.296273291926
332,PA2,PASSED,55.4,58.4,61.8,68.9,2.9130434782608696,0.0,3.344782817194601,0.0,7.026920468731522,0.0,13.284746764186991
333,PA2,PASSED,55.7,58.7,62.1,69.0,2.9130434782608696,0.0,3.344782817194601,0.0,6.851324559657186,0.0,13.109150855112656
334,PA1,PASSED,55.9,116.0,131.5,137.3,3.329192546583851,56.700000000000536,15.499999999999998,0.0,5.767080745341614,0.0,81.296273291926
335,PA2,PASSED,55.9,58.9,62.3,69.3,2.9130434782608696,0.0,3.344782817194601,0.0,6.936162953448973,0.0,13.193989248904444
336,PA2,PASSED,56.2,59.2,62.6,69.5,2.9130434782608696,0.0,3.344782817194601,0.0,6.851324559657186,0.0,13.109150855112656
337,PA1,PASSED,56.4,116.5,132.0,137.8,3.329192546583851,56.700000000000536,15.499999999999998,0.0,5.76483001635887,0.0,81.29402256294325
338,PA2,PASSED,56.4,59.4,62.8,69.7,2.9130434782608696,0.0,3.344782817194601,0.0,6.851324559657186,0.0,13.109150855112656
339,PA2,PASSED,56.7,59.7,63.1,69.9,2.9130434782608696,0.0,3.344782817194601,0.0,6.77204354519501,0.0,13.02986984065048
340,PA1,PASSED,56.9,117.0,132.5,138.3,3.329192546583851,56.700000000000536,15.499999999999998,0.0,5.757481672706928,0.0,81.28667421929131
341,PA2,PASSED,56.9,59.9,63.3,70.1,2.9130434782608696,0.0,3.344782817194601,0.0,6.77204354519501,0.0,13.02986984065048
342,PA2,PASSED,57.2,60.2,63.6,70.4,2.9130434782608696,0.0,3.344782817194601,0.0,6.77204354519501,0.0,13.02986984065048
343,PA1,PASSED,57.4,117.5,133.0,138.8,3.329192546583851,56.700000000000536,15.499999999999998,0.0,5.753169167447091,0.0,81.28236171403148
344,PA2,PASSED,57.4,60.4,63.8,70.6,2.9130434782608696,0.0,3.344782817194601,0.0,6.77204354519501,0.0,13.02986984065048
345,PA2,PASSED,57.7,60.7,64.1,70.9,2.9130434782608696,0.0,3.344782817194601,0.0,6.77204354519501,0.0,13.02986984065048
346,PA1,PASSED,57.9,118.0,133.5,139.3,3.329192546583851,56.700000000000536,15.499999999999998,0.0,5.751769440391113,0.0,81.2809619869755
347,PA2,PASSED,57.9,60.9,64.3,71.0,2.9130434782608696,0.0,3.344782817194601,0.0,6.6979901126925405,0.0,12.95581640814801
348,PA2,PASSED,58.2,61.2,64.6,71.3,2.9130434782608696,0.0,3.344782817194601,0.0,6.6979901126925405,0.0,12.95581640814801
349,PA1,PASSED,58.4,118.5,134.0,139.8,3.329192546583851,56.700000000000536,15.499999999999998,0.0,5.753183035875205,0.0,81.2823755824596
350,PA2,PASSED,58.4,61.4,64.8,71.5,2.9130434782608696,0.0,3.344782817194601,0.0,6.628863947860216,0.0,12.886690243315687
351,PA2,PASSED,58.7,61.7,65.1,71.8,2.9130434782608696,0.0,3.344782817194601,0.0,6.628863947860216,0.0,12.886690243315687
352,PA1,PASSED,58.9,119.0,134.5,140.3,3.329192546583851,56.700000000000536,15.499999999999998,0.0,5.753183035875205,0.0,81.2823755824596
353,PA2,PASSED,58.9,61.9,65.3,72.0,2.9130434782608696,0.0,3.344782817194601,0.0,6.628863947860216,0.0,12.886690243315687
354,PA2,PASSED,59.2,62.2,65.6,72.2,2.9130434782608696,0.0,3.344782817194601,0.0,6.564391985626441,0.0,12.822218281081913
355,PA1,PASSED,59.4,119.5,135.0,140.8,3.329192546583851,56.700000000000536,15.499999999999998,0.0,5.753183035875205,0.0,81.2823755824596
356,PA2,PASSED,59.4,62.4,65.8,72.5,2.9130434782608696,0.0,3.344782817194601,0.0,6.628863947860216,0.0,12.886690243315687
357,PA2,PASSED,59.7,62.7,66.1,72.7,2.9130434782608696,0.0,3.344782817194601,0.0,6.564391985626441,0.0,12.822218281081913
358,PA1,PASSED,59.9,120.0,135.5,141.3,3.329192546583851,56.700000000000536,15.499999999999998,0.0,5.753183035875205,0.0,81.2823755824596
359,PA2,PASSED,59.9,62.9,66.3,73.0,2.9130434782608696,0.0,3.344782817194601,0.0,6.628863947860216,0.0,12.886690243315687
