T,D_SA1,D_PW1,D_PW2,D_SA3,D_pass,K_PW2,K_SA3,queue_PW1
0.0,0,0,0,0,0,0.0,0.0,0
0.1,0,0,0,0,0,0.0,0.0,0
0.2,0,0,0,0,0,0.0,0.0,0
0.3,2,0,0,0,0,0.0,0.0,0
0.4,2,0,0,0,0,0.0,0.0,0
0.5,2,0,0,0,0,0.0,0.0,0
0.6,4,0,0,0,0,0.0,0.0,0
0.7,4,0,0,0,0,0.0,0.0,0
0.8,4,0,0,0,0,0.0,0.0,0
0.9,6,0,0,0,0,0.0,0.0,0
1.0,6,0,0,0,0,0.0,0.0,0
1.1,6,0,0,0,0,0.0,0.0,0
1.2,6,0,0,0,0,0.0,0.0,0
1.3,8,0,0,0,0,0.0,0.0,0
1.4,8,0,0,0,0,0.0,0.0,0
1.5,8,0,0,0,0,0.0,0.0,0
1.6,10,0,0,0,0,0.0,0.0,0
1.7,10,0,0,0,0,0.0,0.0,0
1.8,10,0,0,0,0,0.0,0.0,0
1.9,12,0,0,0,0,0.0,0.0,0
2.0,12,0,0,0,0,0.0,0.0,0
2.1,12,0,0,0,0,0.0,0.0,0
2.2,12,0,0,0,0,0.0,0.0,0
2.3,14,0,0,0,0,0.0,0.0,0
2.4,14,0,0,0,0,0.0,0.0,0
2.5,14,0,0,0,0,0.0,0.0,0
2.6,16,0,0,0,0,0.0,0.0,0
2.7,16,0,0,0,0,0.0,0.0,0
2.8,16,0,0,0,0,0.0,0.0,0
2.9,18,0,0,0,0,0.0,0.0,0
3.0,18,0,0,0,0,0.0,0.0,0
3.1,18,0,0,0,0,0.0,0.0,0
3.2,18,0,0,0,0,0.0,0.0,0
3.3,19,0,1,0,0,0.09803921568627452,0.0,0
3.4,19,0,1,0,0,0.09803921568627452,0.0,0
3.5,19,0,1,0,0,0.09803921568627452,0.0,0
3.6,20,0,2,0,0,0.19607843137254904,0.0,0
3.7,19,1,2,0,0,0.19607843137254904,0.0,0
3.8,19,1,2,0,0,0.19607843137254904,0.0,0
3.9,20,1,3,0,0,0.29411764705882354,0.0,0
4.0,19,2,3,0,0,0.29411764705882354,0.0,0
4.1,19,2,3,0,0,0.29411764705882354,0.0,0
4.2,19,2,3,0,0,0.29411764705882354,0.0,0
4.3,19,3,4,0,0,0.3921568627450981,0.0,0
4.4,19,3,4,0,0,0.3921568627450981,0.0,0
4.5,19,3,4,0,0,0.3921568627450981,0.0,0
4.6,20,3,5,0,0,0.4901960784313726,0.0,0
4.7,19,4,5,0,0,0.4901960784313726,0.0,0
4.8,19,4,5,0,0,0.4901960784313726,0.0,0
4.9,20,4,6,0,0,0.5882352941176471,0.0,0
5.0,19,5,6,0,0,0.5882352941176471,0.0,0
5.1,19,5,6,0,0,0.5882352941176471,0.0,0
5.2,19,5,6,0,0,0.5882352941176471,0.0,0
5.3,19,6,7,0,0,0.6862745098039216,0.0,0
5.4,19,6,7,0,0,0.6862745098039216,0.0,0
5.5,19,6,7,0,0,0.6862745098039216,0.0,0
5.6,20,6,8,0,0,0.7843137254901962,0.0,0
5.7,19,7,8,0,0,0.7843137254901962,0.0,0
5.8,19,7,8,0,0,0.7843137254901962,0.0,0
5.9,20,7,9,0,0,0.8823529411764707,0.0,0
6.0,19,8,9,0,0,0.8823529411764707,0.0,0
6.1,19,8,9,0,0,0.8823529411764707,0.0,0
6.2,19,8,8,1,0,0.7843137254901962,0.04587155963302752,0
6.3,19,9,9,1,0,0.8823529411764707,0.04587155963302752,0
6.4,19,9,9,1,0,0.8823529411764707,0.04587155963302752,0
6.5,19,9,8,2,0,0.7843137254901962,0.09174311926605504,0
6.6,20,9,9,2,0,0.8823529411764707,0.09174311926605504,0
6.7,19,10,9,2,0,0.8823529411764707,0.09174311926605504,0
6.8,19,10,8,3,0,0.7843137254901962,0.13761467889908258,0
6.9,20,10,9,3,0,0.8823529411764707,0.13761467889908258,0
7.0,19,11,9,3,0,0.8823529411764707,0.13761467889908258,0
7.1,19,11,9,3,0,0.8823529411764707,0.13761467889908258,0
7.2,19,11,8,4,0,0.7843137254901962,0.18348623853211007,0
7.3,19,12,9,4,0,0.8823529411764707,0.18348623853211007,0
7.4,19,12,9,4,0,0.8823529411764707,0.18348623853211007,0
7.5,19,12,8,5,0,0.7843137254901962,0.2293577981651376,0
7.6,20,12,9,5,0,0.8823529411764707,0.2293577981651376,0
7.7,19,13,9,5,0,0.8823529411764707,0.2293577981651376,0
7.8,19,13,8,6,0,0.7843137254901962,0.27522935779816515,0
7.9,20,13,9,6,0,0.8823529411764707,0.27522935779816515,0
8.0,19,14,9,6,0,0.8823529411764707,0.27522935779816515,0
8.1,19,14,9,6,0,0.8823529411764707,0.27522935779816515,0
8.2,19,14,8,7,0,0.7843137254901962,0.3211009174311926,0
8.3,19,15,9,7,0,0.8823529411764707,0.3211009174311926,0
8.4,19,15,9,7,0,0.8823529411764707,0.3211009174311926,0
8.5,19,15,8,8,0,0.7843137254901962,0.36697247706422015,0
8.6,20,15,9,8,0,0.8823529411764707,0.36697247706422015,0
8.7,20,15,9,8,0,0.8823529411764707,0.36697247706422015,1
8.8,20,15,8,9,0,0.7843137254901962,0.4128440366972477,1
8.9,21,15,9,9,0,0.8823529411764707,0.4128440366972477,1
9.0,21,15,9,9,0,0.8823529411764707,0.4128440366972477,2
9.1,21,15,9,9,0,0.8823529411764707,0.4128440366972477,2
9.2,21,15,8,10,0,0.7843137254901962,0.4587155963302752,2
9.3,22,15,9,10,0,0.8823529411764707,0.4587155963302752,3
9.4,22,15,9,10,0,0.8823529411764707,0.4587155963302752,3
9.5,22,15,8,11,0,0.7843137254901962,0.5045871559633027,3
9.6,23,15,9,11,0,0.8823529411764707,0.5045871559633027,3
9.7,23,15,9,11,0,0.8823529411764707,0.5045871559633027,4
9.8,23,15,8,12,0,0.7843137254901962,0.5504587155963303,4
9.9,24,15,9,12,0,0.8823529411764707,0.5504587155963303,4
10.0,24,15,9,12,0,0.8823529411764707,0.5504587155963303,5
10.1,24,15,9,12,0,0.8823529411764707,0.5504587155963303,5
10.2,24,15,8,13,0,0.7843137254901962,0.5963302752293578,5
10.3,25,15,9,13,0,0.8823529411764707,0.5963302752293578,6
10.4,25,15,9,13,0,0.8823529411764707,0.5963302752293578,6
10.5,25,15,8,14,0,0.7843137254901962,0.6422018348623852,6
10.6,26,15,9,14,0,0.8823529411764707,0.6422018348623852,6
10.7,26,15,9,14,0,0.8823529411764707,0.6422018348623852,7
10.8,26,15,8,15,0,0.7843137254901962,0.6880733944954128,7
10.9,27,15,9,15,0,0.8823529411764707,0.6880733944954128,7
11.0,27,15,9,15,0,0.8823529411764707,0.6880733944954128,8
11.1,27,15,9,15,0,0.8823529411764707,0.6880733944954128,8
11.2,27,15,8,16,0,0.7843137254901962,0.7339449541284403,8
11.3,28,15,9,16,0,0.8823529411764707,0.7339449541284403,9
11.4,28,15,9,16,0,0.8823529411764707,0.7339449541284403,9
11.5,28,15,8,17,0,0.7843137254901962,0.7798165137614679,9
11.6,29,15,9,17,0,0.8823529411764707,0.7798165137614679,9
11.7,29,15,9,17,0,0.8823529411764707,0.7798165137614679,10
11.8,29,15,8,18,0,0.7843137254901962,0.8256880733944953,10
11.9,30,15,9,18,0,0.8823529411764707,0.8256880733944953,10
12.0,30,15,9,18,0,0.8823529411764707,0.8256880733944953,11
12.1,30,15,9,18,0,0.8823529411764707,0.8256880733944953,11
12.2,30,15,8,19,0,0.7843137254901962,0.8715596330275229,11
12.3,31,15,9,18,1,0.8823529411764707,0.8256880733944953,12
12.4,31,15,9,18,1,0.8823529411764707,0.8256880733944953,12
12.5,31,15,8,19,1,0.7843137254901962,0.8715596330275229,12
12.6,32,15,9,18,2,0.8823529411764707,0.8256880733944953,12
12.7,32,15,9,18,2,0.8823529411764707,0.8256880733944953,13
12.8,32,15,8,19,2,0.7843137254901962,0.8715596330275229,13
12.9,33,15,9,18,3,0.8823529411764707,0.8256880733944953,13
13.0,33,15,9,18,3,0.8823529411764707,0.8256880733944953,14
13.1,33,15,9,18,3,0.8823529411764707,0.8256880733944953,14
13.2,33,15,8,19,3,0.7843137254901962,0.8715596330275229,14
13.3,34,15,9,18,4,0.8823529411764707,0.8256880733944953,15
13.4,34,15,9,18,4,0.8823529411764707,0.8256880733944953,15
13.5,34,15,8,19,4,0.7843137254901962,0.8715596330275229,15
13.6,35,15,9,18,5,0.8823529411764707,0.8256880733944953,15
13.7,35,15,9,18,5,0.8823529411764707,0.8256880733944953,16
13.8,35,15,8,19,5,0.7843137254901962,0.8715596330275229,16
13.9,36,15,9,18,6,0.8823529411764707,0.8256880733944953,16
14.0,36,15,9,18,6,0.8823529411764707,0.8256880733944953,17
14.1,36,15,9,18,6,0.8823529411764707,0.8256880733944953,17
14.2,36,15,8,19,6,0.7843137254901962,0.8715596330275229,17
14.3,37,15,9,18,7,0.8823529411764707,0.8256880733944953,18
14.4,37,15,9,18,7,0.8823529411764707,0.8256880733944953,18
14.5,37,15,8,19,7,0.7843137254901962,0.8715596330275229,18
14.6,38,15,9,18,8,0.8823529411764707,0.8256880733944953,18
14.7,38,15,9,18,8,0.8823529411764707,0.8256880733944953,19
14.8,38,15,8,19,8,0.7843137254901962,0.8715596330275229,19
14.9,39,15,9,18,9,0.8823529411764707,0.8256880733944953,19
15.0,39,15,9,18,9,0.8823529411764707,0.8256880733944953,20
15.1,39,15,9,18,9,0.8823529411764707,0.8256880733944953,20
15.2,39,15,8,19,9,0.7843137254901962,0.8715596330275229,20
15.3,40,15,9,18,10,0.8823529411764707,0.8256880733944953,21
15.4,40,15,9,18,10,0.8823529411764707,0.8256880733944953,21
15.5,40,15,8,19,10,0.7843137254901962,0.8715596330275229,21
15.6,41,15,9,18,11,0.8823529411764707,0.8256880733944953,21
15.7,41,15,9,18,11,0.8823529411764707,0.8256880733944953,22
15.8,41,15,8,19,11,0.7843137254901962,0.8715596330275229,22
15.9,42,15,9,18,12,0.8823529411764707,0.8256880733944953,22
16.0,42,15,9,18,12,0.8823529411764707,0.8256880733944953,23
16.1,42,15,9,18,12,0.8823529411764707,0.8256880733944953,23
16.2,42,15,8,19,12,0.7843137254901962,0.8715596330275229,23
16.3,43,15,9,18,13,0.8823529411764707,0.8256880733944953,24
16.4,43,15,9,18,13,0.8823529411764707,0.8256880733944953,24
16.5,43,15,8,19,13,0.7843137254901962,0.8715596330275229,24
16.6,44,15,9,18,14,0.8823529411764707,0.8256880733944953,24
16.7,44,15,9,18,14,0.8823529411764707,0.8256880733944953,25
16.8,44,15,8,19,14,0.7843137254901962,0.8715596330275229,25
16.9,45,15,9,18,15,0.8823529411764707,0.8256880733944953,25
17.0,45,15,9,18,15,0.8823529411764707,0.8256880733944953,26
17.1,45,15,9,18,15,0.8823529411764707,0.8256880733944953,26
17.2,45,15,8,19,15,0.7843137254901962,0.8715596330275229,26
17.3,46,15,9,18,16,0.8823529411764707,0.8256880733944953,27
17.4,46,15,9,18,16,0.8823529411764707,0.8256880733944953,27
17.5,46,15,8,19,16,0.7843137254901962,0.8715596330275229,27
17.6,47,15,9,18,17,0.8823529411764707,0.8256880733944953,27
17.7,47,15,9,18,17,0.8823529411764707,0.8256880733944953,28
17.8,47,15,8,19,17,0.7843137254901962,0.8715596330275229,28
17.9,48,15,9,18,18,0.8823529411764707,0.8256880733944953,28
18.0,48,15,9,18,18,0.8823529411764707,0.8256880733944953,29
18.1,48,15,9,18,18,0.8823529411764707,0.8256880733944953,29
18.2,48,15,8,19,18,0.7843137254901962,0.8715596330275229,29
18.3,49,15,9,19,18,0.8823529411764707,0.8715596330275229,30
18.4,49,15,9,18,19,0.8823529411764707,0.8256880733944953,30
18.5,49,15,8,19,19,0.7843137254901962,0.8715596330275229,30
18.6,50,15,9,19,19,0.8823529411764707,0.8715596330275229,30
18.7,50,15,9,18,20,0.8823529411764707,0.8256880733944953,31
18.8,50,15,8,19,20,0.7843137254901962,0.8715596330275229,31
18.9,51,15,9,19,20,0.8823529411764707,0.8715596330275229,31
19.0,51,15,9,18,21,0.8823529411764707,0.8256880733944953,32
19.1,51,15,9,18,21,0.8823529411764707,0.8256880733944953,32
19.2,51,14,8,20,21,0.7843137254901962,0.9174311926605504,32
19.3,51,15,9,20,21,0.8823529411764707,0.9174311926605504,32
19.4,51,15,9,19,22,0.8823529411764707,0.8715596330275229,32
19.5,51,14,8,21,22,0.7843137254901962,0.963302752293578,32
19.6,51,15,9,21,22,0.8823529411764707,0.963302752293578,31
19.7,51,15,9,20,23,0.8823529411764707,0.9174311926605504,32
19.8,51,14,8,22,23,0.7843137254901962,1.0091743119266054,32
19.9,51,15,9,22,23,0.8823529411764707,1.0091743119266054,31
20.0,51,15,9,21,24,0.8823529411764707,0.963302752293578,32
20.1,51,15,9,21,24,0.8823529411764707,0.963302752293578,32
20.2,51,14,8,23,24,0.7843137254901962,1.055045871559633,32
20.3,51,15,9,23,24,0.8823529411764707,1.055045871559633,32
20.4,51,15,9,22,25,0.8823529411764707,1.0091743119266054,32
20.5,51,14,8,24,25,0.7843137254901962,1.1009174311926606,32
20.6,51,15,9,24,25,0.8823529411764707,1.1009174311926606,31
20.7,51,15,9,23,26,0.8823529411764707,1.055045871559633,32
20.8,51,14,8,25,26,0.7843137254901962,1.146788990825688,32
20.9,51,15,9,25,26,0.8823529411764707,1.146788990825688,31
21.0,51,15,9,24,27,0.8823529411764707,1.1009174311926606,32
21.1,51,15,9,24,27,0.8823529411764707,1.1009174311926606,32
21.2,51,14,8,26,27,0.7843137254901962,1.1926605504587156,32
21.3,51,15,9,26,27,0.8823529411764707,1.1926605504587156,32
21.4,51,15,9,25,28,0.8823529411764707,1.146788990825688,32
21.5,51,14,8,27,28,0.7843137254901962,1.238532110091743,32
21.6,51,15,9,27,28,0.8823529411764707,1.238532110091743,31
21.7,51,15,9,26,29,0.8823529411764707,1.1926605504587156,32
21.8,51,14,8,28,29,0.7843137254901962,1.2844036697247705,32
21.9,51,15,9,28,29,0.8823529411764707,1.2844036697247705,31
22.0,51,15,9,27,30,0.8823529411764707,1.238532110091743,32
22.1,51,15,9,27,30,0.8823529411764707,1.238532110091743,32
22.2,51,14,8,29,30,0.7843137254901962,1.3302752293577982,32
22.3,51,15,9,29,30,0.8823529411764707,1.3302752293577982,32
22.4,51,15,9,28,31,0.8823529411764707,1.2844036697247705,32
22.5,51,14,8,30,31,0.7843137254901962,1.3761467889908257,32
22.6,51,15,9,30,31,0.8823529411764707,1.3761467889908257,31
22.7,51,15,9,29,32,0.8823529411764707,1.3302752293577982,32
22.8,51,14,8,31,32,0.7843137254901962,1.4220183486238531,32
22.9,51,15,9,31,32,0.8823529411764707,1.4220183486238531,31
23.0,51,15,9,30,33,0.8823529411764707,1.3761467889908257,32
23.1,51,15,9,30,33,0.8823529411764707,1.3761467889908257,32
23.2,51,14,8,32,33,0.7843137254901962,1.4678899082568806,32
23.3,51,15,9,32,33,0.8823529411764707,1.4678899082568806,32
23.4,51,15,9,31,34,0.8823529411764707,1.4220183486238531,32
23.5,51,14,8,33,34,0.7843137254901962,1.5137614678899083,32
23.6,51,15,9,33,34,0.8823529411764707,1.5137614678899083,31
23.7,51,15,9,32,35,0.8823529411764707,1.4678899082568806,32
23.8,51,14,8,34,35,0.7843137254901962,1.5596330275229358,32
23.9,51,15,9,34,35,0.8823529411764707,1.5596330275229358,31
24.0,51,15,9,33,36,0.8823529411764707,1.5137614678899083,32
24.1,51,15,9,33,36,0.8823529411764707,1.5137614678899083,32
24.2,51,15,8,34,36,0.7843137254901962,1.5596330275229358,32
24.3,52,15,9,34,36,0.8823529411764707,1.5596330275229358,33
24.4,52,15,9,33,37,0.8823529411764707,1.5137614678899083,33
24.5,52,15,8,34,37,0.7843137254901962,1.5596330275229358,33
24.6,53,15,9,34,37,0.8823529411764707,1.5596330275229358,33
24.7,53,15,9,33,38,0.8823529411764707,1.5137614678899083,34
24.8,53,15,8,34,38,0.7843137254901962,1.5596330275229358,34
24.9,54,15,9,34,38,0.8823529411764707,1.5596330275229358,34
25.0,54,15,9,33,39,0.8823529411764707,1.5137614678899083,35
25.1,54,15,9,32,40,0.8823529411764707,1.4678899082568806,35
25.2,54,15,8,33,40,0.7843137254901962,1.5137614678899083,35
25.3,55,15,9,33,40,0.8823529411764707,1.5137614678899083,36
25.4,55,15,9,31,42,0.8823529411764707,1.4220183486238531,36
25.5,55,15,8,32,42,0.7843137254901962,1.4678899082568806,36
25.6,56,15,9,32,42,0.8823529411764707,1.4678899082568806,36
25.7,56,15,9,30,44,0.8823529411764707,1.3761467889908257,37
25.8,56,15,8,31,44,0.7843137254901962,1.4220183486238531,37
25.9,57,15,9,31,44,0.8823529411764707,1.4220183486238531,37
26.0,57,15,9,30,45,0.8823529411764707,1.3761467889908257,38
26.1,57,15,9,30,45,0.8823529411764707,1.3761467889908257,38
26.2,57,15,8,30,46,0.7843137254901962,1.3761467889908257,38
26.3,58,15,9,30,46,0.8823529411764707,1.3761467889908257,39
26.4,58,15,9,29,47,0.8823529411764707,1.3302752293577982,39
26.5,58,15,8,29,48,0.7843137254901962,1.3302752293577982,39
26.6,59,15,9,29,48,0.8823529411764707,1.3302752293577982,39
26.7,59,15,9,29,48,0.8823529411764707,1.3302752293577982,40
26.8,59,15,8,28,50,0.7843137254901962,1.2844036697247705,40
26.9,60,15,9,28,50,0.8823529411764707,1.2844036697247705,40
27.0,60,15,9,28,50,0.8823529411764707,1.2844036697247705,41
27.1,60,15,9,27,51,0.8823529411764707,1.238532110091743,41
27.2,60,15,8,28,51,0.7843137254901962,1.2844036697247705,41
27.3,61,15,9,27,52,0.8823529411764707,1.238532110091743,42
27.4,61,15,9,27,52,0.8823529411764707,1.238532110091743,42
27.5,61,15,8,28,52,0.7843137254901962,1.2844036697247705,42
27.6,62,15,9,26,54,0.8823529411764707,1.1926605504587156,42
27.7,62,15,9,26,54,0.8823529411764707,1.1926605504587156,43
27.8,62,15,8,27,54,0.7843137254901962,1.238532110091743,43
27.9,63,15,9,25,56,0.8823529411764707,1.146788990825688,43
28.0,63,15,9,25,56,0.8823529411764707,1.146788990825688,44
28.1,63,15,9,25,56,0.8823529411764707,1.146788990825688,44
28.2,63,15,8,25,57,0.7843137254901962,1.146788990825688,44
28.3,64,15,9,25,57,0.8823529411764707,1.146788990825688,45
28.4,64,15,9,24,58,0.8823529411764707,1.1009174311926606,45
28.5,64,15,8,25,58,0.7843137254901962,1.146788990825688,45
28.6,65,15,9,25,58,0.8823529411764707,1.146788990825688,45
28.7,65,15,9,23,60,0.8823529411764707,1.055045871559633,46
28.8,65,15,8,24,60,0.7843137254901962,1.1009174311926606,46
28.9,66,15,9,24,60,0.8823529411764707,1.1009174311926606,46
29.0,66,15,9,24,60,0.8823529411764707,1.1009174311926606,47
29.1,66,15,9,22,62,0.8823529411764707,1.0091743119266054,47
29.2,66,15,8,23,62,0.7843137254901962,1.055045871559633,47
29.3,67,15,9,23,62,0.8823529411764707,1.055045871559633,48
29.4,67,15,9,22,63,0.8823529411764707,1.0091743119266054,48
29.5,67,15,8,23,63,0.7843137254901962,1.055045871559633,48
29.6,68,15,9,22,64,0.8823529411764707,1.0091743119266054,48
29.7,68,15,9,22,64,0.8823529411764707,1.0091743119266054,49
29.8,68,15,8,23,64,0.7843137254901962,1.055045871559633,49
29.9,69,15,9,21,66,0.8823529411764707,0.963302752293578,49
30.0,69,15,9,21,66,0.8823529411764707,0.963302752293578,50
30.1,69,15,9,21,66,0.8823529411764707,0.963302752293578,50
30.2,69,15,8,21,67,0.7843137254901962,0.963302752293578,50
30.3,70,15,9,20,68,0.8823529411764707,0.9174311926605504,51
30.4,70,15,9,20,68,0.8823529411764707,0.9174311926605504,51
30.5,70,15,8,21,68,0.7843137254901962,0.963302752293578,51
30.6,71,15,9,20,69,0.8823529411764707,0.9174311926605504,51
30.7,71,15,9,20,69,0.8823529411764707,0.9174311926605504,52
30.8,71,15,8,21,69,0.7843137254901962,0.963302752293578,52
30.9,72,15,9,21,69,0.8823529411764707,0.963302752293578,52
31.0,72,15,9,21,69,0.8823529411764707,0.963302752293578,53
31.1,72,15,9,20,70,0.8823529411764707,0.9174311926605504,53
31.2,72,15,8,21,70,0.7843137254901962,0.963302752293578,53
31.3,73,15,9,21,70,0.8823529411764707,0.963302752293578,54
31.4,73,15,9,20,71,0.8823529411764707,0.9174311926605504,54
31.5,73,15,8,21,71,0.7843137254901962,0.963302752293578,54
31.6,74,15,9,21,71,0.8823529411764707,0.963302752293578,54
31.7,74,15,9,20,72,0.8823529411764707,0.9174311926605504,55
31.8,74,15,8,21,72,0.7843137254901962,0.963302752293578,55
31.9,75,15,9,21,72,0.8823529411764707,0.963302752293578,55
32.0,75,15,9,20,73,0.8823529411764707,0.9174311926605504,56
32.1,75,15,9,20,73,0.8823529411764707,0.9174311926605504,56
32.2,75,15,8,20,74,0.7843137254901962,0.9174311926605504,56
32.3,76,15,9,20,74,0.8823529411764707,0.9174311926605504,57
32.4,76,15,9,20,74,0.8823529411764707,0.9174311926605504,57
32.5,76,15,8,20,75,0.7843137254901962,0.9174311926605504,57
32.6,77,15,9,20,75,0.8823529411764707,0.9174311926605504,57
32.7,77,15,9,20,75,0.8823529411764707,0.9174311926605504,58
32.8,77,15,8,21,75,0.7843137254901962,0.963302752293578,58
32.9,78,15,9,20,76,0.8823529411764707,0.9174311926605504,58
33.0,78,15,9,20,76,0.8823529411764707,0.9174311926605504,59
33.1,78,15,9,19,77,0.8823529411764707,0.8715596330275229,59
33.2,78,15,8,20,77,0.7843137254901962,0.9174311926605504,59
33.3,79,15,9,20,77,0.8823529411764707,0.9174311926605504,60
33.4,79,15,9,19,78,0.8823529411764707,0.8715596330275229,60
33.5,79,15,8,20,78,0.7843137254901962,0.9174311926605504,60
33.6,80,15,9,20,78,0.8823529411764707,0.9174311926605504,60
33.7,80,15,9,19,79,0.8823529411764707,0.8715596330275229,61
33.8,80,15,8,20,79,0.7843137254901962,0.9174311926605504,61
33.9,81,15,9,20,79,0.8823529411764707,0.9174311926605504,61
34.0,81,15,9,19,80,0.8823529411764707,0.8715596330275229,62
34.1,81,15,9,19,80,0.8823529411764707,0.8715596330275229,62
34.2,81,15,8,19,81,0.7843137254901962,0.8715596330275229,62
34.3,82,15,9,19,81,0.8823529411764707,0.8715596330275229,63
34.4,82,15,9,19,81,0.8823529411764707,0.8715596330275229,63
34.5,82,15,8,20,81,0.7843137254901962,0.9174311926605504,63
34.6,83,15,9,19,82,0.8823529411764707,0.8715596330275229,63
34.7,83,15,9,19,82,0.8823529411764707,0.8715596330275229,64
34.8,83,14,8,21,82,0.7843137254901962,0.963302752293578,64
34.9,83,15,9,20,83,0.8823529411764707,0.9174311926605504,63
35.0,83,15,9,20,83,0.8823529411764707,0.9174311926605504,64
35.1,83,14,9,20,84,0.8823529411764707,0.9174311926605504,64
35.2,82,15,8,21,84,0.7843137254901962,0.963302752293578,63
35.3,83,15,9,21,84,0.8823529411764707,0.963302752293578,64
35.4,83,14,9,22,84,0.8823529411764707,1.0091743119266054,64
35.5,82,15,8,22,85,0.7843137254901962,1.0091743119266054,63
35.6,83,15,9,22,85,0.8823529411764707,1.0091743119266054,63
35.7,83,15,9,22,85,0.8823529411764707,1.0091743119266054,64
35.8,83,14,8,23,86,0.7843137254901962,1.055045871559633,64
35.9,83,15,9,23,86,0.8823529411764707,1.055045871559633,63
36.0,83,15,9,23,86,0.8823529411764707,1.055045871559633,64
36.1,83,14,9,23,87,0.8823529411764707,1.055045871559633,64
36.2,82,15,8,24,87,0.7843137254901962,1.1009174311926606,63
36.3,83,15,9,24,87,0.8823529411764707,1.1009174311926606,64
36.4,83,14,9,24,88,0.8823529411764707,1.1009174311926606,64
36.5,82,15,8,25,88,0.7843137254901962,1.146788990825688,63
36.6,83,15,9,25,88,0.8823529411764707,1.146788990825688,63
36.7,83,15,9,24,89,0.8823529411764707,1.1009174311926606,64
36.8,83,14,8,26,89,0.7843137254901962,1.1926605504587156,64
36.9,83,15,9,26,89,0.8823529411764707,1.1926605504587156,63
37.0,83,15,9,25,90,0.8823529411764707,1.146788990825688,64
37.1,83,14,9,26,90,0.8823529411764707,1.1926605504587156,64
37.2,82,15,8,27,90,0.7843137254901962,1.238532110091743,63
37.3,83,15,9,27,90,0.8823529411764707,1.238532110091743,64
37.4,83,14,9,27,91,0.8823529411764707,1.238532110091743,64
37.5,82,15,8,28,91,0.7843137254901962,1.2844036697247705,63
37.6,83,15,9,28,91,0.8823529411764707,1.2844036697247705,63
37.7,83,15,9,27,92,0.8823529411764707,1.238532110091743,64
37.8,83,14,8,29,92,0.7843137254901962,1.3302752293577982,64
37.9,83,15,9,29,92,0.8823529411764707,1.3302752293577982,63
38.0,83,15,9,28,93,0.8823529411764707,1.2844036697247705,64
38.1,83,14,9,29,93,0.8823529411764707,1.3302752293577982,64
38.2,82,15,8,30,93,0.7843137254901962,1.3761467889908257,63
38.3,83,15,9,30,93,0.8823529411764707,1.3761467889908257,64
38.4,83,14,9,30,94,0.8823529411764707,1.3761467889908257,64
38.5,82,15,8,31,94,0.7843137254901962,1.4220183486238531,63
38.6,83,15,9,31,94,0.8823529411764707,1.4220183486238531,63
38.7,83,15,9,30,95,0.8823529411764707,1.3761467889908257,64
38.8,83,14,8,32,95,0.7843137254901962,1.4678899082568806,64
38.9,83,15,9,32,95,0.8823529411764707,1.4678899082568806,63
39.0,83,15,9,31,96,0.8823529411764707,1.4220183486238531,64
39.1,83,14,9,32,96,0.8823529411764707,1.4678899082568806,64
39.2,82,15,8,33,96,0.7843137254901962,1.5137614678899083,63
39.3,83,15,9,33,96,0.8823529411764707,1.5137614678899083,64
39.4,83,14,9,33,97,0.8823529411764707,1.5137614678899083,64
39.5,82,15,8,34,97,0.7843137254901962,1.5596330275229358,63
39.6,83,15,9,34,97,0.8823529411764707,1.5596330275229358,63
39.7,83,15,9,33,98,0.8823529411764707,1.5137614678899083,64
39.8,83,15,8,34,98,0.7843137254901962,1.5596330275229358,64
39.9,84,15,9,34,98,0.8823529411764707,1.5596330275229358,64
40.0,84,15,9,33,99,0.8823529411764707,1.5137614678899083,65
40.1,84,15,9,33,99,0.8823529411764707,1.5137614678899083,65
40.2,84,15,8,34,99,0.7843137254901962,1.5596330275229358,65
40.3,85,15,9,34,99,0.8823529411764707,1.5596330275229358,66
40.4,85,15,9,33,100,0.8823529411764707,1.5137614678899083,66
40.5,85,15,8,34,100,0.7843137254901962,1.5596330275229358,66
40.6,86,15,9,34,100,0.8823529411764707,1.5596330275229358,66
40.7,86,15,9,32,102,0.8823529411764707,1.4678899082568806,67
40.8,86,15,8,33,102,0.7843137254901962,1.5137614678899083,67
40.9,87,15,9,33,102,0.8823529411764707,1.5137614678899083,67
41.0,87,15,9,31,104,0.8823529411764707,1.4220183486238531,68
41.1,87,15,9,31,104,0.8823529411764707,1.4220183486238531,68
41.2,87,15,8,32,104,0.7843137254901962,1.4678899082568806,68
41.3,88,15,9,32,104,0.8823529411764707,1.4678899082568806,69
41.4,88,15,9,30,106,0.8823529411764707,1.3761467889908257,69
41.5,88,15,8,31,106,0.7843137254901962,1.4220183486238531,69
41.6,89,15,9,31,106,0.8823529411764707,1.4220183486238531,69
41.7,89,15,9,31,106,0.8823529411764707,1.4220183486238531,70
41.8,89,15,8,30,108,0.7843137254901962,1.3761467889908257,70
41.9,90,15,9,30,108,0.8823529411764707,1.3761467889908257,70
42.0,90,15,9,30,108,0.8823529411764707,1.3761467889908257,71
42.1,90,15,9,28,110,0.8823529411764707,1.2844036697247705,71
42.2,90,15,8,29,110,0.7843137254901962,1.3302752293577982,71
42.3,91,15,9,29,110,0.8823529411764707,1.3302752293577982,72
42.4,91,15,9,29,110,0.8823529411764707,1.3302752293577982,72
42.5,91,15,8,28,112,0.7843137254901962,1.2844036697247705,72
42.6,92,15,9,28,112,0.8823529411764707,1.2844036697247705,72
42.7,92,15,9,28,112,0.8823529411764707,1.2844036697247705,73
42.8,92,15,8,29,112,0.7843137254901962,1.3302752293577982,73
42.9,93,15,9,27,114,0.8823529411764707,1.238532110091743,73
43.0,93,15,9,27,114,0.8823529411764707,1.238532110091743,74
43.1,93,15,9,27,114,0.8823529411764707,1.238532110091743,74
43.2,93,15,8,26,116,0.7843137254901962,1.1926605504587156,74
43.3,94,15,9,26,116,0.8823529411764707,1.1926605504587156,75
43.4,94,15,9,26,116,0.8823529411764707,1.1926605504587156,75
43.5,94,15,8,27,116,0.7843137254901962,1.238532110091743,75
43.6,95,15,9,25,118,0.8823529411764707,1.146788990825688,75
43.7,95,15,9,25,118,0.8823529411764707,1.146788990825688,76
43.8,95,15,8,26,118,0.7843137254901962,1.1926605504587156,76
43.9,96,15,9,26,118,0.8823529411764707,1.1926605504587156,76
44.0,96,15,9,24,120,0.8823529411764707,1.1009174311926606,77
44.1,96,15,9,24,120,0.8823529411764707,1.1009174311926606,77
44.2,96,15,8,25,120,0.7843137254901962,1.146788990825688,77
44.3,97,15,9,23,122,0.8823529411764707,1.055045871559633,78
44.4,97,15,9,23,122,0.8823529411764707,1.055045871559633,78
44.5,97,15,8,24,122,0.7843137254901962,1.1009174311926606,78
44.6,98,15,9,24,122,0.8823529411764707,1.1009174311926606,78
44.7,98,15,9,24,122,0.8823529411764707,1.1009174311926606,79
44.8,98,15,8,23,124,0.7843137254901962,1.055045871559633,79
44.9,99,15,9,23,124,0.8823529411764707,1.055045871559633,79
45.0,99,15,9,23,124,0.8823529411764707,1.055045871559633,80
45.1,99,15,9,23,124,0.8823529411764707,1.055045871559633,80
45.2,99,15,8,22,126,0.7843137254901962,1.0091743119266054,80
45.3,100,15,9,22,126,0.8823529411764707,1.0091743119266054,81
45.4,100,15,9,22,126,0.8823529411764707,1.0091743119266054,81
45.5,100,15,8,21,128,0.7843137254901962,0.963302752293578,81
45.6,101,15,9,21,128,0.8823529411764707,0.963302752293578,81
45.7,101,15,9,21,128,0.8823529411764707,0.963302752293578,82
45.8,101,15,8,22,128,0.7843137254901962,1.0091743119266054,82
45.9,102,15,9,22,128,0.8823529411764707,1.0091743119266054,82
46.0,102,15,9,20,130,0.8823529411764707,0.9174311926605504,83
46.1,102,15,9,20,130,0.8823529411764707,0.9174311926605504,83
46.2,102,15,8,21,130,0.7843137254901962,0.963302752293578,83
46.3,103,15,9,21,130,0.8823529411764707,0.963302752293578,84
46.4,103,15,9,20,131,0.8823529411764707,0.9174311926605504,84
46.5,103,15,8,21,131,0.7843137254901962,0.963302752293578,84
46.6,104,15,9,21,131,0.8823529411764707,0.963302752293578,84
46.7,104,15,9,20,132,0.8823529411764707,0.9174311926605504,85
46.8,104,15,8,21,132,0.7843137254901962,0.963302752293578,85
46.9,105,15,9,21,132,0.8823529411764707,0.963302752293578,85
47.0,105,15,9,21,132,0.8823529411764707,0.963302752293578,86
47.1,105,15,9,20,133,0.8823529411764707,0.9174311926605504,86
47.2,105,15,8,21,133,0.7843137254901962,0.963302752293578,86
47.3,106,15,9,21,133,0.8823529411764707,0.963302752293578,87
47.4,106,15,9,20,134,0.8823529411764707,0.9174311926605504,87
47.5,106,15,8,21,134,0.7843137254901962,0.963302752293578,87
47.6,107,15,9,20,135,0.8823529411764707,0.9174311926605504,87
47.7,107,15,9,20,135,0.8823529411764707,0.9174311926605504,88
47.8,107,15,8,21,135,0.7843137254901962,0.963302752293578,88
47.9,108,15,9,20,136,0.8823529411764707,0.9174311926605504,88
48.0,108,15,9,20,136,0.8823529411764707,0.9174311926605504,89
48.1,108,15,9,20,136,0.8823529411764707,0.9174311926605504,89
48.2,108,15,8,20,137,0.7843137254901962,0.9174311926605504,89
48.3,109,15,9,20,137,0.8823529411764707,0.9174311926605504,90
48.4,109,15,9,20,137,0.8823529411764707,0.9174311926605504,90
48.5,109,15,8,20,138,0.7843137254901962,0.9174311926605504,90
48.6,110,15,9,20,138,0.8823529411764707,0.9174311926605504,90
48.7,110,15,9,20,138,0.8823529411764707,0.9174311926605504,91
48.8,110,15,8,20,139,0.7843137254901962,0.9174311926605504,91
48.9,111,15,9,20,139,0.8823529411764707,0.9174311926605504,91
49.0,111,15,9,20,139,0.8823529411764707,0.9174311926605504,92
49.1,111,15,9,19,140,0.8823529411764707,0.8715596330275229,92
49.2,111,15,8,20,140,0.7843137254901962,0.9174311926605504,92
49.3,112,15,9,20,140,0.8823529411764707,0.9174311926605504,93
49.4,112,15,9,19,141,0.8823529411764707,0.8715596330275229,93
49.5,112,15,8,20,141,0.7843137254901962,0.9174311926605504,93
49.6,113,15,9,20,141,0.8823529411764707,0.9174311926605504,93
49.7,113,15,9,19,142,0.8823529411764707,0.8715596330275229,94
49.8,113,15,8,20,142,0.7843137254901962,0.9174311926605504,94
49.9,114,15,9,19,143,0.8823529411764707,0.8715596330275229,94
50.0,114,15,9,19,143,0.8823529411764707,0.8715596330275229,95
50.1,114,15,9,19,143,0.8823529411764707,0.8715596330275229,95
50.2,114,15,8,19,144,0.7843137254901962,0.8715596330275229,95
50.3,115,15,9,19,144,0.8823529411764707,0.8715596330275229,96
50.4,115,14,9,20,144,0.8823529411764707,0.9174311926605504,96
50.5,114,15,8,21,144,0.7843137254901962,0.963302752293578,95
50.6,115,15,9,20,145,0.8823529411764707,0.9174311926605504,95
50.7,115,14,9,21,145,0.8823529411764707,0.963302752293578,96
50.8,114,15,8,21,146,0.7843137254901962,0.963302752293578,95
50.9,115,15,9,21,146,0.8823529411764707,0.963302752293578,95
51.0,115,14,9,22,146,0.8823529411764707,1.0091743119266054,96
51.1,114,15,9,22,146,0.8823529411764707,1.0091743119266054,95
51.2,114,15,8,22,147,0.7843137254901962,1.0091743119266054,95
51.3,115,15,9,22,147,0.8823529411764707,1.0091743119266054,96
51.4,115,14,9,23,147,0.8823529411764707,1.055045871559633,96
51.5,114,15,8,23,148,0.7843137254901962,1.055045871559633,95
51.6,115,15,9,23,148,0.8823529411764707,1.055045871559633,95
51.7,115,14,9,24,148,0.8823529411764707,1.1009174311926606,96
51.8,114,15,8,24,149,0.7843137254901962,1.1009174311926606,95
51.9,115,15,9,24,149,0.8823529411764707,1.1009174311926606,95
52.0,115,14,9,24,150,0.8823529411764707,1.1009174311926606,96
52.1,114,15,9,24,150,0.8823529411764707,1.1009174311926606,95
52.2,114,15,8,25,150,0.7843137254901962,1.146788990825688,95
52.3,115,15,9,25,150,0.8823529411764707,1.146788990825688,96
52.4,115,14,9,25,151,0.8823529411764707,1.146788990825688,96
52.5,114,15,8,26,151,0.7843137254901962,1.1926605504587156,95
52.6,115,15,9,26,151,0.8823529411764707,1.1926605504587156,95
52.7,115,14,9,26,152,0.8823529411764707,1.1926605504587156,96
52.8,114,15,8,27,152,0.7843137254901962,1.238532110091743,95
52.9,115,15,9,27,152,0.8823529411764707,1.238532110091743,95
53.0,115,14,9,27,153,0.8823529411764707,1.238532110091743,96
53.1,114,15,9,27,153,0.8823529411764707,1.238532110091743,95
53.2,114,15,8,28,153,0.7843137254901962,1.2844036697247705,95
53.3,115,15,9,28,153,0.8823529411764707,1.2844036697247705,96
53.4,115,14,9,28,154,0.8823529411764707,1.2844036697247705,96
53.5,114,15,8,29,154,0.7843137254901962,1.3302752293577982,95
53.6,115,15,9,29,154,0.8823529411764707,1.3302752293577982,95
53.7,115,14,9,29,155,0.8823529411764707,1.3302752293577982,96
53.8,114,15,8,30,155,0.7843137254901962,1.3761467889908257,95
53.9,115,15,9,30,155,0.8823529411764707,1.3761467889908257,95
54.0,115,14,9,30,156,0.8823529411764707,1.3761467889908257,96
54.1,114,15,9,30,156,0.8823529411764707,1.3761467889908257,95
54.2,114,15,8,31,156,0.7843137254901962,1.4220183486238531,95
54.3,115,15,9,31,156,0.8823529411764707,1.4220183486238531,96
54.4,115,14,9,31,157,0.8823529411764707,1.4220183486238531,96
54.5,114,15,8,32,157,0.7843137254901962,1.4678899082568806,95
54.6,115,15,9,32,157,0.8823529411764707,1.4678899082568806,95
54.7,115,14,9,32,158,0.8823529411764707,1.4678899082568806,96
54.8,114,15,8,33,158,0.7843137254901962,1.5137614678899083,95
54.9,115,15,9,33,158,0.8823529411764707,1.5137614678899083,95
55.0,115,14,9,33,159,0.8823529411764707,1.5137614678899083,96
55.1,114,15,9,33,159,0.8823529411764707,1.5137614678899083,95
55.2,114,15,8,34,159,0.7843137254901962,1.5596330275229358,95
55.3,115,15,9,34,159,0.8823529411764707,1.5596330275229358,96
55.4,115,15,9,33,160,0.8823529411764707,1.5137614678899083,96
55.5,115,15,8,34,160,0.7843137254901962,1.5596330275229358,96
55.6,116,15,9,34,160,0.8823529411764707,1.5596330275229358,96
55.7,116,15,9,33,161,0.8823529411764707,1.5137614678899083,97
55.8,116,15,8,34,161,0.7843137254901962,1.5596330275229358,97
55.9,117,15,9,34,161,0.8823529411764707,1.5596330275229358,97
56.0,117,15,9,33,162,0.8823529411764707,1.5137614678899083,98
56.1,117,15,9,33,162,0.8823529411764707,1.5137614678899083,98
56.2,117,15,8,34,162,0.7843137254901962,1.5596330275229358,98
56.3,118,15,9,33,163,0.8823529411764707,1.5137614678899083,99
56.4,118,15,9,32,164,0.8823529411764707,1.4678899082568806,99
56.5,118,15,8,33,164,0.7843137254901962,1.5137614678899083,99
56.6,119,15,9,32,165,0.8823529411764707,1.4678899082568806,99
56.7,119,15,9,31,166,0.8823529411764707,1.4220183486238531,100
56.8,119,15,8,32,166,0.7843137254901962,1.4678899082568806,100
56.9,120,15,9,32,166,0.8823529411764707,1.4678899082568806,100
57.0,120,15,9,30,168,0.8823529411764707,1.3761467889908257,101
57.1,120,15,9,30,168,0.8823529411764707,1.3761467889908257,101
57.2,120,15,8,31,168,0.7843137254901962,1.4220183486238531,101
57.3,121,15,9,31,168,0.8823529411764707,1.4220183486238531,102
57.4,121,15,9,30,169,0.8823529411764707,1.3761467889908257,102
57.5,121,15,8,30,170,0.7843137254901962,1.3761467889908257,102
57.6,122,15,9,30,170,0.8823529411764707,1.3761467889908257,102
57.7,122,15,9,29,171,0.8823529411764707,1.3302752293577982,103
57.8,122,15,8,29,172,0.7843137254901962,1.3302752293577982,103
57.9,123,15,9,29,172,0.8823529411764707,1.3302752293577982,103
58.0,123,15,9,29,172,0.8823529411764707,1.3302752293577982,104
58.1,123,15,9,28,173,0.8823529411764707,1.2844036697247705,104
58.2,123,15,8,28,174,0.7843137254901962,1.2844036697247705,104
58.3,124,15,9,28,174,0.8823529411764707,1.2844036697247705,105
58.4,124,15,9,28,174,0.8823529411764707,1.2844036697247705,105
58.5,124,15,8,28,175,0.7843137254901962,1.2844036697247705,105
58.6,125,15,9,27,176,0.8823529411764707,1.238532110091743,105
58.7,125,15,9,27,176,0.8823529411764707,1.238532110091743,106
58.8,125,15,8,27,177,0.7843137254901962,1.238532110091743,106
58.9,126,15,9,26,178,0.8823529411764707,1.1926605504587156,106
59.0,126,15,9,26,178,0.8823529411764707,1.1926605504587156,107
59.1,126,15,9,26,178,0.8823529411764707,1.1926605504587156,107
59.2,126,15,8,25,180,0.7843137254901962,1.146788990825688,107
59.3,127,15,9,25,180,0.8823529411764707,1.146788990825688,108
59.4,127,15,9,25,180,0.8823529411764707,1.146788990825688,108
59.5,127,15,8,26,180,0.7843137254901962,1.1926605504587156,108
59.6,128,15,9,25,181,0.8823529411764707,1.146788990825688,108
59.7,128,15,9,24,182,0.8823529411764707,1.1009174311926606,109
59.8,128,15,8,25,182,0.7843137254901962,1.146788990825688,109
59.9,129,15,9,25,182,0.8823529411764707,1.146788990825688,109
60.0,129,15,9,24,183,0.8823529411764707,1.1009174311926606,110
60.1,129,15,9,23,184,0.8823529411764707,1.055045871559633,110
60.2,129,15,8,24,184,0.7843137254901962,1.1009174311926606,110
60.3,128,15,9,24,184,0.8823529411764707,1.1009174311926606,111
60.4,128,15,9,22,186,0.8823529411764707,1.0091743119266054,111
60.5,128,15,8,23,186,0.7843137254901962,1.055045871559633,111
60.6,127,15,9,23,186,0.8823529411764707,1.055045871559633,111
60.7,127,15,9,23,186,0.8823529411764707,1.055045871559633,112
60.8,127,15,8,23,187,0.7843137254901962,1.055045871559633,112
60.9,126,15,9,22,188,0.8823529411764707,1.0091743119266054,112
61.0,126,15,9,22,188,0.8823529411764707,1.0091743119266054,113
61.1,126,15,9,22,188,0.8823529411764707,1.0091743119266054,113
61.2,126,15,8,21,190,0.7843137254901962,0.963302752293578,113
61.3,125,15,9,21,190,0.8823529411764707,0.963302752293578,114
61.4,125,15,9,21,190,0.8823529411764707,0.963302752293578,114
61.5,125,15,8,22,190,0.7843137254901962,1.0091743119266054,114
61.6,124,15,9,20,192,0.8823529411764707,0.9174311926605504,114
61.7,124,15,9,20,192,0.8823529411764707,0.9174311926605504,115
61.8,124,15,8,21,192,0.7843137254901962,0.963302752293578,115
61.9,123,15,9,21,192,0.8823529411764707,0.963302752293578,115
62.0,123,15,9,21,192,0.8823529411764707,0.963302752293578,116
62.1,123,15,9,20,193,0.8823529411764707,0.9174311926605504,116
62.2,123,15,8,21,193,0.7843137254901962,0.963302752293578,116
62.3,122,15,9,21,193,0.8823529411764707,0.963302752293578,117
62.4,122,15,9,20,194,0.8823529411764707,0.9174311926605504,117
62.5,122,15,8,21,194,0.7843137254901962,0.963302752293578,117
62.6,121,15,9,21,194,0.8823529411764707,0.963302752293578,117
62.7,121,15,9,20,195,0.8823529411764707,0.9174311926605504,118
62.8,121,15,8,21,195,0.7843137254901962,0.963302752293578,118
62.9,120,15,9,21,195,0.8823529411764707,0.963302752293578,118
63.0,120,15,9,21,195,0.8823529411764707,0.963302752293578,119
63.1,120,15,9,20,196,0.8823529411764707,0.9174311926605504,119
63.2,120,15,8,21,196,0.7843137254901962,0.963302752293578,119
63.3,120,15,8,20,197,0.7843137254901962,0.9174311926605504,120
63.4,120,15,8,20,197,0.7843137254901962,0.9174311926605504,120
63.5,120,15,7,20,198,0.6862745098039216,0.9174311926605504,120
63.6,120,15,7,20,198,0.6862745098039216,0.9174311926605504,120
63.7,120,15,7,20,198,0.6862745098039216,0.9174311926605504,120
63.8,120,15,6,21,198,0.5882352941176471,0.963302752293578,120
63.9,120,15,6,20,199,0.5882352941176471,0.9174311926605504,120
64.0,120,15,6,20,199,0.5882352941176471,0.9174311926605504,120
64.1,120,15,6,20,199,0.5882352941176471,0.9174311926605504,120
64.2,120,15,5,20,200,0.4901960784313726,0.9174311926605504,120
64.3,120,15,5,20,200,0.4901960784313726,0.9174311926605504,120
64.4,120,15,5,19,201,0.4901960784313726,0.8715596330275229,120
64.5,120,15,4,20,201,0.3921568627450981,0.9174311926605504,120
64.6,120,15,4,20,201,0.3921568627450981,0.9174311926605504,120
64.7,120,15,4,20,201,0.3921568627450981,0.9174311926605504,120
64.8,120,15,3,20,202,0.29411764705882354,0.9174311926605504,120
64.9,120,15,3,20,202,0.29411764705882354,0.9174311926605504,120
65.0,120,15,3,20,202,0.29411764705882354,0.9174311926605504,120
65.1,120,15,3,19,203,0.29411764705882354,0.8715596330275229,120
65.2,120,15,2,20,203,0.19607843137254904,0.9174311926605504,120
65.3,120,15,2,19,204,0.19607843137254904,0.8715596330275229,120
65.4,120,15,2,19,204,0.19607843137254904,0.8715596330275229,120
65.5,120,15,1,20,204,0.09803921568627452,0.9174311926605504,120
65.6,120,15,1,19,205,0.09803921568627452,0.8715596330275229,120
65.7,120,15,1,19,205,0.09803921568627452,0.8715596330275229,120
65.8,120,15,0,20,205,0.0,0.9174311926605504,120
65.9,120,15,0,19,206,0.0,0.8715596330275229,120
66.0,120,14,0,20,206,0.0,0.9174311926605504,120
66.1,119,15,0,20,206,0.0,0.9174311926605504,119
66.2,119,15,0,19,207,0.0,0.8715596330275229,119
66.3,119,14,0,20,207,0.0,0.9174311926605504,119
66.4,118,15,0,20,207,0.0,0.9174311926605504,118
66.5,118,15,0,19,208,0.0,0.8715596330275229,118
66.6,118,14,0,20,208,0.0,0.9174311926605504,118
66.7,117,15,0,20,208,0.0,0.9174311926605504,117
66.8,117,15,0,19,209,0.0,0.8715596330275229,117
66.9,117,15,0,19,209,0.0,0.8715596330275229,117
67.0,117,14,0,20,209,0.0,0.9174311926605504,117
67.1,116,15,0,19,210,0.0,0.8715596330275229,116
67.2,116,15,0,19,210,0.0,0.8715596330275229,116
67.3,116,14,0,20,210,0.0,0.9174311926605504,116
67.4,115,15,0,20,210,0.0,0.9174311926605504,115
67.5,115,15,0,19,211,0.0,0.8715596330275229,115
67.6,115,14,0,20,211,0.0,0.9174311926605504,115
67.7,114,15,0,19,212,0.0,0.8715596330275229,114
67.8,114,15,0,19,212,0.0,0.8715596330275229,114
67.9,114,15,0,19,212,0.0,0.8715596330275229,114
68.0,114,14,0,19,213,0.0,0.8715596330275229,114
68.1,113,15,0,19,213,0.0,0.8715596330275229,113
68.2,113,15,0,19,213,0.0,0.8715596330275229,113
68.3,113,14,0,20,213,0.0,0.9174311926605504,113
68.4,112,15,0,19,214,0.0,0.8715596330275229,112
68.5,112,15,0,19,214,0.0,0.8715596330275229,112
68.6,112,14,0,20,214,0.0,0.9174311926605504,112
68.7,111,15,0,19,215,0.0,0.8715596330275229,111
68.8,111,15,0,19,215,0.0,0.8715596330275229,111
68.9,111,15,0,19,215,0.0,0.8715596330275229,111
69.0,111,14,0,19,216,0.0,0.8715596330275229,111
69.1,110,15,0,19,216,0.0,0.8715596330275229,110
69.2,110,15,0,19,216,0.0,0.8715596330275229,110
69.3,110,14,0,20,216,0.0,0.9174311926605504,110
69.4,109,15,0,19,217,0.0,0.8715596330275229,109
69.5,109,15,0,19,217,0.0,0.8715596330275229,109
69.6,109,14,0,20,217,0.0,0.9174311926605504,109
69.7,108,15,0,19,218,0.0,0.8715596330275229,108
69.8,108,15,0,19,218,0.0,0.8715596330275229,108
69.9,108,15,0,19,218,0.0,0.8715596330275229,108
70.0,108,14,0,19,219,0.0,0.8715596330275229,108
70.1,107,15,0,19,219,0.0,0.8715596330275229,107
70.2,107,15,0,19,219,0.0,0.8715596330275229,107
70.3,107,14,0,20,219,0.0,0.9174311926605504,107
70.4,106,15,0,19,220,0.0,0.8715596330275229,106
70.5,106,15,0,19,220,0.0,0.8715596330275229,106
70.6,106,14,0,20,220,0.0,0.9174311926605504,106
70.7,105,15,0,19,221,0.0,0.8715596330275229,105
70.8,105,15,0,19,221,0.0,0.8715596330275229,105
70.9,105,15,0,19,221,0.0,0.8715596330275229,105
71.0,105,15,0,18,222,0.0,0.8256880733944953,105
71.1,105,15,0,18,222,0.0,0.8256880733944953,105
71.2,105,15,0,18,222,0.0,0.8256880733944953,105
71.3,105,15,0,18,222,0.0,0.8256880733944953,105
71.4,105,15,0,17,223,0.0,0.7798165137614679,105
71.5,105,15,0,17,223,0.0,0.7798165137614679,105
71.6,105,15,0,17,223,0.0,0.7798165137614679,105
71.7,105,15,0,16,224,0.0,0.7339449541284403,105
71.8,105,15,0,16,224,0.0,0.7339449541284403,105
71.9,105,15,0,15,225,0.0,0.6880733944954128,105
72.0,105,15,0,14,226,0.0,0.6422018348623852,105
72.1,105,15,0,14,226,0.0,0.6422018348623852,105
72.2,105,15,0,13,227,0.0,0.5963302752293578,105
72.3,105,15,0,13,227,0.0,0.5963302752293578,105
72.4,105,15,0,13,227,0.0,0.5963302752293578,105
72.5,105,15,0,12,228,0.0,0.5504587155963303,105
72.6,105,15,0,12,228,0.0,0.5504587155963303,105
72.7,105,15,0,12,228,0.0,0.5504587155963303,105
72.8,105,15,0,12,228,0.0,0.5504587155963303,105
72.9,105,15,0,11,229,0.0,0.5045871559633027,105
73.0,105,15,0,11,229,0.0,0.5045871559633027,105
73.1,105,15,0,11,229,0.0,0.5045871559633027,105
73.2,105,15,0,10,230,0.0,0.4587155963302752,105
73.3,105,15,0,10,230,0.0,0.4587155963302752,105
73.4,105,15,0,10,230,0.0,0.4587155963302752,105
73.5,105,15,0,9,231,0.0,0.4128440366972477,105
73.6,105,15,0,9,231,0.0,0.4128440366972477,105
73.7,105,15,0,9,231,0.0,0.4128440366972477,105
73.8,105,15,0,9,231,0.0,0.4128440366972477,105
73.9,105,15,0,8,232,0.0,0.36697247706422015,105
74.0,105,15,0,8,232,0.0,0.36697247706422015,105
74.1,105,15,0,8,232,0.0,0.36697247706422015,105
74.2,105,15,0,7,233,0.0,0.3211009174311926,105
74.3,105,15,0,7,233,0.0,0.3211009174311926,105
74.4,105,15,0,7,233,0.0,0.3211009174311926,105
74.5,105,15,0,6,234,0.0,0.27522935779816515,105
74.6,105,15,0,6,234,0.0,0.27522935779816515,105
74.7,105,15,0,6,234,0.0,0.27522935779816515,105
74.8,105,15,0,6,234,0.0,0.27522935779816515,105
74.9,105,15,0,5,235,0.0,0.2293577981651376,105
75.0,105,15,0,5,235,0.0,0.2293577981651376,105
75.1,105,15,0,5,235,0.0,0.2293577981651376,105
75.2,105,15,0,4,236,0.0,0.18348623853211007,105
75.3,105,15,0,4,236,0.0,0.18348623853211007,105
75.4,105,15,0,4,236,0.0,0.18348623853211007,105
75.5,105,15,0,3,237,0.0,0.13761467889908258,105
75.6,105,15,0,3,237,0.0,0.13761467889908258,105
75.7,105,15,0,3,237,0.0,0.13761467889908258,105
75.8,105,15,0,3,237,0.0,0.13761467889908258,105
75.9,105,15,0,2,238,0.0,0.09174311926605504,105
76.0,105,15,0,2,238,0.0,0.09174311926605504,105
76.1,105,15,0,2,238,0.0,0.09174311926605504,105
76.2,105,15,0,1,239,0.0,0.04587155963302752,105
76.3,105,15,0,1,239,0.0,0.04587155963302752,105
76.4,105,15,0,1,239,0.0,0.04587155963302752,105
76.5,105,15,0,0,240,0.0,0.0,105
76.6,105,15,0,0,240,0.0,0.0,105
76.7,105,15,0,0,240,0.0,0.0,105
76.8,105,15,0,0,240,0.0,0.0,105
76.9,105,15,0,0,240,0.0,0.0,105
77.0,105,15,0,0,240,0.0,0.0,105
77.1,105,15,0,0,240,0.0,0.0,105
77.2,105,15,0,0,240,0.0,0.0,105
77.3,105,15,0,0,240,0.0,0.0,105
77.4,105,15,0,0,240,0.0,0.0,105
77.5,105,15,0,0,240,0.0,0.0,105
77.6,105,15,0,0,240,0.0,0.0,105
77.7,105,15,0,0,240,0.0,0.0,105
77.8,105,15,0,0,240,0.0,0.0,105
77.9,105,15,0,0,240,0.0,0.0,105
78.0,105,15,0,0,240,0.0,0.0,105
78.1,105,15,0,0,240,0.0,0.0,105
78.2,105,15,0,0,240,0.0,0.0,105
78.3,105,15,0,0,240,0.0,0.0,105
78.4,105,15,0,0,240,0.0,0.0,105
78.5,105,15,0,0,240,0.0,0.0,105
78.6,105,15,0,0,240,0.0,0.0,105
78.7,105,15,0,0,240,0.0,0.0,105
78.8,105,15,0,0,240,0.0,0.0,105
78.9,105,15,0,0,240,0.0,0.0,105
79.0,105,15,0,0,240,0.0,0.0,105
79.1,105,15,0,0,240,0.0,0.0,105
79.2,105,15,0,0,240,0.0,0.0,105
79.3,105,15,0,0,240,0.0,0.0,105
79.4,105,15,0,0,240,0.0,0.0,105
79.5,105,15,0,0,240,0.0,0.0,105
79.6,105,15,0,0,240,0.0,0.0,105
79.7,105,15,0,0,240,0.0,0.0,105
79.8,105,15,0,0,240,0.0,0.0,105
79.9,105,15,0,0,240,0.0,0.0,105
80.0,105,15,0,0,240,0.0,0.0,105
80.1,105,15,0,0,240,0.0,0.0,105
80.2,105,15,0,0,240,0.0,0.0,105
80.3,105,15,0,0,240,0.0,0.0,105
80.4,105,15,0,0,240,0.0,0.0,105
80.5,105,15,0,0,240,0.0,0.0,105
80.6,105,15,0,0,240,0.0,0.0,105
80.7,105,15,0,0,240,0.0,0.0,105
80.8,105,15,0,0,240,0.0,0.0,105
80.9,105,15,0,0,240,0.0,0.0,105
81.0,105,15,0,0,240,0.0,0.0,105
81.1,105,15,0,0,240,0.0,0.0,105
81.2,105,15,0,0,240,0.0,0.0,105
81.3,105,15,0,0,240,0.0,0.0,105
81.4,105,15,0,0,240,0.0,0.0,105
81.5,105,15,0,0,240,0.0,0.0,105
81.6,105,14,0,1,240,0.0,0.04587155963302752,105
81.7,104,15,0,1,240,0.0,0.04587155963302752,104
81.8,104,15,0,1,240,0.0,0.04587155963302752,104
81.9,104,14,0,2,240,0.0,0.09174311926605504,104
82.0,103,15,0,2,240,0.0,0.09174311926605504,103
82.1,103,15,0,2,240,0.0,0.09174311926605504,103
82.2,103,14,0,3,240,0.0,0.13761467889908258,103
82.3,102,15,0,3,240,0.0,0.13761467889908258,102
82.4,102,15,0,3,240,0.0,0.13761467889908258,102
82.5,102,15,0,3,240,0.0,0.13761467889908258,102
82.6,102,14,0,4,240,0.0,0.18348623853211007,102
82.7,101,15,0,4,240,0.0,0.18348623853211007,101
82.8,101,15,0,4,240,0.0,0.18348623853211007,101
82.9,101,14,0,5,240,0.0,0.2293577981651376,101
83.0,100,15,0,5,240,0.0,0.2293577981651376,100
83.1,100,15,0,5,240,0.0,0.2293577981651376,100
83.2,100,14,0,6,240,0.0,0.27522935779816515,100
83.3,99,15,0,6,240,0.0,0.27522935779816515,99
83.4,99,15,0,6,240,0.0,0.27522935779816515,99
83.5,99,15,0,6,240,0.0,0.27522935779816515,99
83.6,99,14,0,7,240,0.0,0.3211009174311926,99
83.7,98,15,0,7,240,0.0,0.3211009174311926,98
83.8,98,15,0,7,240,0.0,0.3211009174311926,98
83.9,98,14,0,8,240,0.0,0.36697247706422015,98
84.0,97,15,0,8,240,0.0,0.36697247706422015,97
84.1,97,15,0,8,240,0.0,0.36697247706422015,97
84.2,97,14,0,9,240,0.0,0.4128440366972477,97
84.3,96,15,0,9,240,0.0,0.4128440366972477,96
84.4,96,15,0,9,240,0.0,0.4128440366972477,96
84.5,96,15,0,9,240,0.0,0.4128440366972477,96
84.6,96,14,0,10,240,0.0,0.4587155963302752,96
84.7,95,15,0,10,240,0.0,0.4587155963302752,95
84.8,95,15,0,10,240,0.0,0.4587155963302752,95
84.9,95,14,0,11,240,0.0,0.5045871559633027,95
85.0,94,15,0,11,240,0.0,0.5045871559633027,94
85.1,94,15,0,11,240,0.0,0.5045871559633027,94
85.2,94,14,0,12,240,0.0,0.5504587155963303,94
85.3,93,15,0,12,240,0.0,0.5504587155963303,93
85.4,93,15,0,12,240,0.0,0.5504587155963303,93
85.5,93,15,0,12,240,0.0,0.5504587155963303,93
85.6,93,14,0,13,240,0.0,0.5963302752293578,93
85.7,92,15,0,13,240,0.0,0.5963302752293578,92
85.8,92,15,0,13,240,0.0,0.5963302752293578,92
85.9,92,14,0,14,240,0.0,0.6422018348623852,92
86.0,91,15,0,14,240,0.0,0.6422018348623852,91
86.1,91,15,0,14,240,0.0,0.6422018348623852,91
86.2,91,14,0,15,240,0.0,0.6880733944954128,91
86.3,90,15,0,15,240,0.0,0.6880733944954128,90
86.4,90,15,0,15,240,0.0,0.6880733944954128,90
86.5,90,15,0,15,240,0.0,0.6880733944954128,90
86.6,90,15,0,15,240,0.0,0.6880733944954128,90
86.7,90,15,0,15,240,0.0,0.6880733944954128,90
86.8,90,15,0,15,240,0.0,0.6880733944954128,90
86.9,90,15,0,15,240,0.0,0.6880733944954128,90
87.0,90,15,0,15,240,0.0,0.6880733944954128,90
87.1,90,15,0,15,240,0.0,0.6880733944954128,90
87.2,90,15,0,15,240,0.0,0.6880733944954128,90
87.3,90,15,0,15,240,0.0,0.6880733944954128,90
87.4,90,15,0,14,241,0.0,0.6422018348623852,90
87.5,90,15,0,14,241,0.0,0.6422018348623852,90
87.6,90,15,0,14,241,0.0,0.6422018348623852,90
87.7,90,15,0,13,242,0.0,0.5963302752293578,90
87.8,90,15,0,13,242,0.0,0.5963302752293578,90
87.9,90,15,0,13,242,0.0,0.5963302752293578,90
88.0,90,15,0,12,243,0.0,0.5504587155963303,90
88.1,90,15,0,12,243,0.0,0.5504587155963303,90
88.2,90,15,0,12,243,0.0,0.5504587155963303,90
88.3,90,15,0,12,243,0.0,0.5504587155963303,90
88.4,90,15,0,11,244,0.0,0.5045871559633027,90
88.5,90,15,0,11,244,0.0,0.5045871559633027,90
88.6,90,15,0,11,244,0.0,0.5045871559633027,90
88.7,90,15,0,10,245,0.0,0.4587155963302752,90
88.8,90,15,0,10,245,0.0,0.4587155963302752,90
88.9,90,15,0,10,245,0.0,0.4587155963302752,90
89.0,90,15,0,9,246,0.0,0.4128440366972477,90
89.1,90,15,0,9,246,0.0,0.4128440366972477,90
89.2,90,15,0,9,246,0.0,0.4128440366972477,90
89.3,90,15,0,9,246,0.0,0.4128440366972477,90
89.4,90,15,0,8,247,0.0,0.36697247706422015,90
89.5,90,15,0,8,247,0.0,0.36697247706422015,90
89.6,90,15,0,8,247,0.0,0.36697247706422015,90
89.7,90,15,0,7,248,0.0,0.3211009174311926,90
89.8,90,15,0,7,248,0.0,0.3211009174311926,90
89.9,90,15,0,7,248,0.0,0.3211009174311926,90
90.0,90,15,0,6,249,0.0,0.27522935779816515,90
90.1,90,15,0,6,249,0.0,0.27522935779816515,90
90.2,90,15,0,6,249,0.0,0.27522935779816515,90
90.3,90,15,0,6,249,0.0,0.27522935779816515,90
90.4,90,15,0,5,250,0.0,0.2293577981651376,90
90.5,90,15,0,5,250,0.0,0.2293577981651376,90
90.6,90,15,0,5,250,0.0,0.2293577981651376,90
90.7,90,15,0,4,251,0.0,0.18348623853211007,90
90.8,90,15,0,4,251,0.0,0.18348623853211007,90
90.9,90,15,0,4,251,0.0,0.18348623853211007,90
91.0,90,15,0,3,252,0.0,0.13761467889908258,90
91.1,90,15,0,3,252,0.0,0.13761467889908258,90
91.2,90,15,0,3,252,0.0,0.13761467889908258,90
91.3,90,15,0,3,252,0.0,0.13761467889908258,90
91.4,90,15,0,2,253,0.0,0.09174311926605504,90
91.5,90,15,0,2,253,0.0,0.09174311926605504,90
91.6,90,15,0,2,253,0.0,0.09174311926605504,90
91.7,90,15,0,1,254,0.0,0.04587155963302752,90
91.8,90,15,0,1,254,0.0,0.04587155963302752,90
91.9,90,15,0,1,254,0.0,0.04587155963302752,90
92.0,90,15,0,0,255,0.0,0.0,90
92.1,90,15,0,0,255,0.0,0.0,90
92.2,90,15,0,0,255,0.0,0.0,90
92.3,90,15,0,0,255,0.0,0.0,90
92.4,90,15,0,0,255,0.0,0.0,90
92.5,90,15,0,0,255,0.0,0.0,90
92.6,90,15,0,0,255,0.0,0.0,90
92.7,90,15,0,0,255,0.0,0.0,90
92.8,90,15,0,0,255,0.0,0.0,90
92.9,90,15,0,0,255,0.0,0.0,90
93.0,90,15,0,0,255,0.0,0.0,90
93.1,90,15,0,0,255,0.0,0.0,90
93.2,90,15,0,0,255,0.0,0.0,90
93.3,90,15,0,0,255,0.0,0.0,90
93.4,90,15,0,0,255,0.0,0.0,90
93.5,90,15,0,0,255,0.0,0.0,90
93.6,90,15,0,0,255,0.0,0.0,90
93.7,90,15,0,0,255,0.0,0.0,90
93.8,90,15,0,0,255,0.0,0.0,90
93.9,90,15,0,0,255,0.0,0.0,90
94.0,90,15,0,0,255,0.0,0.0,90
94.1,90,15,0,0,255,0.0,0.0,90
94.2,90,15,0,0,255,0.0,0.0,90
94.3,90,15,0,0,255,0.0,0.0,90
94.4,90,15,0,0,255,0.0,0.0,90
94.5,90,15,0,0,255,0.0,0.0,90
94.6,90,15,0,0,255,0.0,0.0,90
94.7,90,15,0,0,255,0.0,0.0,90
94.8,90,15,0,0,255,0.0,0.0,90
94.9,90,15,0,0,255,0.0,0.0,90
95.0,90,15,0,0,255,0.0,0.0,90
95.1,90,15,0,0,255,0.0,0.0,90
95.2,90,15,0,0,255,0.0,0.0,90
95.3,90,15,0,0,255,0.0,0.0,90
95.4,90,15,0,0,255,0.0,0.0,90
95.5,90,15,0,0,255,0.0,0.0,90
95.6,90,15,0,0,255,0.0,0.0,90
95.7,90,15,0,0,255,0.0,0.0,90
95.8,90,15,0,0,255,0.0,0.0,90
95.9,90,15,0,0,255,0.0,0.0,90
96.0,90,15,0,0,255,0.0,0.0,90
96.1,90,15,0,0,255,0.0,0.0,90
96.2,90,15,0,0,255,0.0,0.0,90
96.3,90,15,0,0,255,0.0,0.0,90
96.4,90,15,0,0,255,0.0,0.0,90
96.5,90,15,0,0,255,0.0,0.0,90
96.6,90,15,0,0,255,0.0,0.0,90
96.7,90,15,0,0,255,0.0,0.0,90
96.8,90,15,0,0,255,0.0,0.0,90
96.9,90,15,0,0,255,0.0,0.0,90
97.0,90,15,0,0,255,0.0,0.0,90
97.1,90,15,0,0,255,0.0,0.0,90
97.2,90,14,0,1,255,0.0,0.04587155963302752,90
97.3,89,15,0,1,255,0.0,0.04587155963302752,89
97.4,89,15,0,1,255,0.0,0.04587155963302752,89
97.5,89,14,0,2,255,0.0,0.09174311926605504,89
97.6,88,15,0,2,255,0.0,0.09174311926605504,88
97.7,88,15,0,2,255,0.0,0.09174311926605504,88
97.8,88,14,0,3,255,0.0,0.13761467889908258,88
97.9,87,15,0,3,255,0.0,0.13761467889908258,87
98.0,87,15,0,3,255,0.0,0.13761467889908258,87
98.1,87,15,0,3,255,0.0,0.13761467889908258,87
98.2,87,14,0,4,255,0.0,0.18348623853211007,87
98.3,86,15,0,4,255,0.0,0.18348623853211007,86
98.4,86,15,0,4,255,0.0,0.18348623853211007,86
98.5,86,14,0,5,255,0.0,0.2293577981651376,86
98.6,85,15,0,5,255,0.0,0.2293577981651376,85
98.7,85,15,0,5,255,0.0,0.2293577981651376,85
98.8,85,14,0,6,255,0.0,0.27522935779816515,85
98.9,84,15,0,6,255,0.0,0.27522935779816515,84
99.0,84,15,0,6,255,0.0,0.27522935779816515,84
99.1,84,15,0,6,255,0.0,0.27522935779816515,84
99.2,84,14,0,7,255,0.0,0.3211009174311926,84
99.3,83,15,0,7,255,0.0,0.3211009174311926,83
99.4,83,15,0,7,255,0.0,0.3211009174311926,83
99.5,83,14,0,8,255,0.0,0.36697247706422015,83
99.6,82,15,0,8,255,0.0,0.36697247706422015,82
99.7,82,15,0,8,255,0.0,0.36697247706422015,82
99.8,82,14,0,9,255,0.0,0.4128440366972477,82
99.9,81,15,0,9,255,0.0,0.4128440366972477,81
100.0,81,15,0,9,255,0.0,0.4128440366972477,81
100.1,81,15,0,9,255,0.0,0.4128440366972477,81
100.2,81,14,0,10,255,0.0,0.4587155963302752,81
100.3,80,15,0,10,255,0.0,0.4587155963302752,80
100.4,80,15,0,10,255,0.0,0.4587155963302752,80
100.5,80,14,0,11,255,0.0,0.5045871559633027,80
100.6,79,15,0,11,255,0.0,0.5045871559633027,79
100.7,79,15,0,11,255,0.0,0.5045871559633027,79
100.8,79,14,0,12,255,0.0,0.5504587155963303,79
100.9,78,15,0,12,255,0.0,0.5504587155963303,78
101.0,78,15,0,12,255,0.0,0.5504587155963303,78
101.1,78,15,0,12,255,0.0,0.5504587155963303,78
101.2,78,14,0,13,255,0.0,0.5963302752293578,78
101.3,77,15,0,13,255,0.0,0.5963302752293578,77
101.4,77,15,0,13,255,0.0,0.5963302752293578,77
101.5,77,14,0,14,255,0.0,0.6422018348623852,77
101.6,76,15,0,14,255,0.0,0.6422018348623852,76
101.7,76,15,0,14,255,0.0,0.6422018348623852,76
101.8,76,14,0,15,255,0.0,0.6880733944954128,76
101.9,75,15,0,15,255,0.0,0.6880733944954128,75
102.0,75,15,0,15,255,0.0,0.6880733944954128,75
102.1,75,15,0,15,255,0.0,0.6880733944954128,75
102.2,75,15,0,15,255,0.0,0.6880733944954128,75
102.3,75,15,0,15,255,0.0,0.6880733944954128,75
102.4,75,15,0,15,255,0.0,0.6880733944954128,75
102.5,75,15,0,15,255,0.0,0.6880733944954128,75
102.6,75,15,0,15,255,0.0,0.6880733944954128,75
102.7,75,15,0,15,255,0.0,0.6880733944954128,75
102.8,75,15,0,15,255,0.0,0.6880733944954128,75
102.9,75,15,0,15,255,0.0,0.6880733944954128,75
103.0,75,15,0,14,256,0.0,0.6422018348623852,75
103.1,75,15,0,14,256,0.0,0.6422018348623852,75
103.2,75,15,0,14,256,0.0,0.6422018348623852,75
103.3,75,15,0,13,257,0.0,0.5963302752293578,75
103.4,75,15,0,13,257,0.0,0.5963302752293578,75
103.5,75,15,0,13,257,0.0,0.5963302752293578,75
103.6,75,15,0,12,258,0.0,0.5504587155963303,75
103.7,75,15,0,12,258,0.0,0.5504587155963303,75
103.8,75,15,0,12,258,0.0,0.5504587155963303,75
103.9,75,15,0,12,258,0.0,0.5504587155963303,75
104.0,75,15,0,11,259,0.0,0.5045871559633027,75
104.1,75,15,0,11,259,0.0,0.5045871559633027,75
104.2,75,15,0,11,259,0.0,0.5045871559633027,75
104.3,75,15,0,10,260,0.0,0.4587155963302752,75
104.4,75,15,0,10,260,0.0,0.4587155963302752,75
104.5,75,15,0,10,260,0.0,0.4587155963302752,75
104.6,75,15,0,9,261,0.0,0.4128440366972477,75
104.7,75,15,0,9,261,0.0,0.4128440366972477,75
104.8,75,15,0,9,261,0.0,0.4128440366972477,75
104.9,75,15,0,9,261,0.0,0.4128440366972477,75
105.0,75,15,0,8,262,0.0,0.36697247706422015,75
105.1,75,15,0,8,262,0.0,0.36697247706422015,75
105.2,75,15,0,8,262,0.0,0.36697247706422015,75
105.3,75,15,0,7,263,0.0,0.3211009174311926,75
105.4,75,15,0,7,263,0.0,0.3211009174311926,75
105.5,75,15,0,7,263,0.0,0.3211009174311926,75
105.6,75,15,0,6,264,0.0,0.27522935779816515,75
105.7,75,15,0,6,264,0.0,0.27522935779816515,75
105.8,75,15,0,6,264,0.0,0.27522935779816515,75
105.9,75,15,0,6,264,0.0,0.27522935779816515,75
106.0,75,15,0,5,265,0.0,0.2293577981651376,75
106.1,75,15,0,5,265,0.0,0.2293577981651376,75
106.2,75,15,0,5,265,0.0,0.2293577981651376,75
106.3,75,15,0,4,266,0.0,0.18348623853211007,75
106.4,75,15,0,4,266,0.0,0.18348623853211007,75
106.5,75,15,0,4,266,0.0,0.18348623853211007,75
106.6,75,15,0,3,267,0.0,0.13761467889908258,75
106.7,75,15,0,3,267,0.0,0.13761467889908258,75
106.8,75,15,0,3,267,0.0,0.13761467889908258,75
106.9,75,15,0,3,267,0.0,0.13761467889908258,75
107.0,75,15,0,2,268,0.0,0.09174311926605504,75
107.1,75,15,0,2,268,0.0,0.09174311926605504,75
107.2,75,15,0,2,268,0.0,0.09174311926605504,75
107.3,75,15,0,1,269,0.0,0.04587155963302752,75
107.4,75,15,0,1,269,0.0,0.04587155963302752,75
107.5,75,15,0,1,269,0.0,0.04587155963302752,75
107.6,75,15,0,0,270,0.0,0.0,75
107.7,75,15,0,0,270,0.0,0.0,75
107.8,75,15,0,0,270,0.0,0.0,75
107.9,75,15,0,0,270,0.0,0.0,75
108.0,75,15,0,0,270,0.0,0.0,75
108.1,75,15,0,0,270,0.0,0.0,75
108.2,75,15,0,0,270,0.0,0.0,75
108.3,75,15,0,0,270,0.0,0.0,75
108.4,75,15,0,0,270,0.0,0.0,75
108.5,75,15,0,0,270,0.0,0.0,75
108.6,75,15,0,0,270,0.0,0.0,75
108.7,75,15,0,0,270,0.0,0.0,75
108.8,75,15,0,0,270,0.0,0.0,75
108.9,75,15,0,0,270,0.0,0.0,75
109.0,75,15,0,0,270,0.0,0.0,75
109.1,75,15,0,0,270,0.0,0.0,75
109.2,75,15,0,0,270,0.0,0.0,75
109.3,75,15,0,0,270,0.0,0.0,75
109.4,75,15,0,0,270,0.0,0.0,75
109.5,75,15,0,0,270,0.0,0.0,75
109.6,75,15,0,0,270,0.0,0.0,75
109.7,75,15,0,0,270,0.0,0.0,75
109.8,75,15,0,0,270,0.0,0.0,75
109.9,75,15,0,0,270,0.0,0.0,75
110.0,75,15,0,0,270,0.0,0.0,75
110.1,75,15,0,0,270,0.0,0.0,75
110.2,75,15,0,0,270,0.0,0.0,75
110.3,75,15,0,0,270,0.0,0.0,75
110.4,75,15,0,0,270,0.0,0.0,75
110.5,75,15,0,0,270,0.0,0.0,75
110.6,75,15,0,0,270,0.0,0.0,75
110.7,75,15,0,0,270,0.0,0.0,75
110.8,75,15,0,0,270,0.0,0.0,75
110.9,75,15,0,0,270,0.0,0.0,75
111.0,75,15,0,0,270,0.0,0.0,75
111.1,75,15,0,0,270,0.0,0.0,75
111.2,75,15,0,0,270,0.0,0.0,75
111.3,75,15,0,0,270,0.0,0.0,75
111.4,75,15,0,0,270,0.0,0.0,75
111.5,75,15,0,0,270,0.0,0.0,75
111.6,75,15,0,0,270,0.0,0.0,75
111.7,75,15,0,0,270,0.0,0.0,75
111.8,75,15,0,0,270,0.0,0.0,75
111.9,75,15,0,0,270,0.0,0.0,75
112.0,75,15,0,0,270,0.0,0.0,75
112.1,75,15,0,0,270,0.0,0.0,75
112.2,75,15,0,0,270,0.0,0.0,75
112.3,75,15,0,0,270,0.0,0.0,75
112.4,75,15,0,0,270,0.0,0.0,75
112.5,75,15,0,0,270,0.0,0.0,75
112.6,75,15,0,0,270,0.0,0.0,75
112.7,75,15,0,0,270,0.0,0.0,75
112.8,75,14,0,1,270,0.0,0.04587155963302752,75
112.9,74,15,0,1,270,0.0,0.04587155963302752,74
113.0,74,15,0,1,270,0.0,0.04587155963302752,74
113.1,74,14,0,2,270,0.0,0.09174311926605504,74
113.2,73,15,0,2,270,0.0,0.09174311926605504,73
113.3,73,15,0,2,270,0.0,0.09174311926605504,73
113.4,73,14,0,3,270,0.0,0.13761467889908258,73
113.5,72,15,0,3,270,0.0,0.13761467889908258,72
113.6,72,15,0,3,270,0.0,0.13761467889908258,72
113.7,72,15,0,3,270,0.0,0.13761467889908258,72
113.8,72,14,0,4,270,0.0,0.18348623853211007,72
113.9,71,15,0,4,270,0.0,0.18348623853211007,71
114.0,71,15,0,4,270,0.0,0.18348623853211007,71
114.1,71,14,0,5,270,0.0,0.2293577981651376,71
114.2,70,15,0,5,270,0.0,0.2293577981651376,70
114.3,70,15,0,5,270,0.0,0.2293577981651376,70
114.4,70,14,0,6,270,0.0,0.27522935779816515,70
114.5,69,15,0,6,270,0.0,0.27522935779816515,69
114.6,69,15,0,6,270,0.0,0.27522935779816515,69
114.7,69,15,0,6,270,0.0,0.27522935779816515,69
114.8,69,14,0,7,270,0.0,0.3211009174311926,69
114.9,68,15,0,7,270,0.0,0.3211009174311926,68
115.0,68,15,0,7,270,0.0,0.3211009174311926,68
115.1,68,14,0,8,270,0.0,0.36697247706422015,68
115.2,67,15,0,8,270,0.0,0.36697247706422015,67
115.3,67,15,0,8,270,0.0,0.36697247706422015,67
115.4,67,14,0,9,270,0.0,0.4128440366972477,67
115.5,66,15,0,9,270,0.0,0.4128440366972477,66
115.6,66,15,0,9,270,0.0,0.4128440366972477,66
115.7,66,15,0,9,270,0.0,0.4128440366972477,66
115.8,66,14,0,10,270,0.0,0.4587155963302752,66
115.9,65,15,0,10,270,0.0,0.4587155963302752,65
116.0,65,15,0,10,270,0.0,0.4587155963302752,65
116.1,65,14,0,11,270,0.0,0.5045871559633027,65
116.2,64,15,0,11,270,0.0,0.5045871559633027,64
116.3,64,15,0,11,270,0.0,0.5045871559633027,64
116.4,64,14,0,12,270,0.0,0.5504587155963303,64
116.5,63,15,0,12,270,0.0,0.5504587155963303,63
116.6,63,15,0,12,270,0.0,0.5504587155963303,63
116.7,63,15,0,12,270,0.0,0.5504587155963303,63
116.8,63,14,0,13,270,0.0,0.5963302752293578,63
116.9,62,15,0,13,270,0.0,0.5963302752293578,62
117.0,62,15,0,13,270,0.0,0.5963302752293578,62
117.1,62,14,0,14,270,0.0,0.6422018348623852,62
117.2,61,15,0,14,270,0.0,0.6422018348623852,61
117.3,61,15,0,14,270,0.0,0.6422018348623852,61
117.4,61,14,0,15,270,0.0,0.6880733944954128,61
117.5,60,15,0,15,270,0.0,0.6880733944954128,60
117.6,60,15,0,15,270,0.0,0.6880733944954128,60
117.7,60,15,0,15,270,0.0,0.6880733944954128,60
117.8,60,15,0,15,270,0.0,0.6880733944954128,60
117.9,60,15,0,15,270,0.0,0.6880733944954128,60
118.0,60,15,0,15,270,0.0,0.6880733944954128,60
118.1,60,15,0,15,270,0.0,0.6880733944954128,60
118.2,60,15,0,15,270,0.0,0.6880733944954128,60
118.3,60,15,0,15,270,0.0,0.6880733944954128,60
118.4,60,15,0,15,270,0.0,0.6880733944954128,60
118.5,60,15,0,15,270,0.0,0.6880733944954128,60
118.6,60,15,0,14,271,0.0,0.6422018348623852,60
118.7,60,15,0,14,271,0.0,0.6422018348623852,60
118.8,60,15,0,14,271,0.0,0.6422018348623852,60
118.9,60,15,0,13,272,0.0,0.5963302752293578,60
119.0,60,15,0,13,272,0.0,0.5963302752293578,60
119.1,60,15,0,13,272,0.0,0.5963302752293578,60
119.2,60,15,0,12,273,0.0,0.5504587155963303,60
119.3,60,15,0,12,273,0.0,0.5504587155963303,60
119.4,60,15,0,12,273,0.0,0.5504587155963303,60
119.5,60,15,0,12,273,0.0,0.5504587155963303,60
119.6,60,15,0,11,274,0.0,0.5045871559633027,60
119.7,60,15,0,11,274,0.0,0.5045871559633027,60
119.8,60,15,0,11,274,0.0,0.5045871559633027,60
119.9,60,15,0,10,275,0.0,0.4587155963302752,60
120.0,60,15,0,10,275,0.0,0.4587155963302752,60
120.1,60,15,0,10,275,0.0,0.4587155963302752,60
120.2,60,15,0,9,276,0.0,0.4128440366972477,60
120.3,60,15,0,9,276,0.0,0.4128440366972477,60
120.4,60,15,0,9,276,0.0,0.4128440366972477,60
120.5,60,15,0,9,276,0.0,0.4128440366972477,60
120.6,60,15,0,8,277,0.0,0.36697247706422015,60
120.7,60,15,0,8,277,0.0,0.36697247706422015,60
120.8,60,15,0,8,277,0.0,0.36697247706422015,60
120.9,60,15,0,7,278,0.0,0.3211009174311926,60
121.0,60,15,0,7,278,0.0,0.3211009174311926,60
121.1,60,15,0,7,278,0.0,0.3211009174311926,60
121.2,60,15,0,6,279,0.0,0.27522935779816515,60
121.3,60,15,0,6,279,0.0,0.27522935779816515,60
121.4,60,15,0,6,279,0.0,0.27522935779816515,60
121.5,60,15,0,6,279,0.0,0.27522935779816515,60
121.6,60,15,0,5,280,0.0,0.2293577981651376,60
121.7,60,15,0,5,280,0.0,0.2293577981651376,60
121.8,60,15,0,5,280,0.0,0.2293577981651376,60
121.9,60,15,0,4,281,0.0,0.18348623853211007,60
122.0,60,15,0,4,281,0.0,0.18348623853211007,60
122.1,60,15,0,4,281,0.0,0.18348623853211007,60
122.2,60,15,0,3,282,0.0,0.13761467889908258,60
122.3,60,15,0,3,282,0.0,0.13761467889908258,60
122.4,60,15,0,3,282,0.0,0.13761467889908258,60
122.5,60,15,0,3,282,0.0,0.13761467889908258,60
122.6,60,15,0,2,283,0.0,0.09174311926605504,60
122.7,60,15,0,2,283,0.0,0.09174311926605504,60
122.8,60,15,0,2,283,0.0,0.09174311926605504,60
122.9,60,15,0,1,284,0.0,0.04587155963302752,60
123.0,60,15,0,1,284,0.0,0.04587155963302752,60
123.1,60,15,0,1,284,0.0,0.04587155963302752,60
123.2,60,15,0,0,285,0.0,0.0,60
123.3,60,15,0,0,285,0.0,0.0,60
123.4,60,15,0,0,285,0.0,0.0,60
123.5,60,15,0,0,285,0.0,0.0,60
123.6,60,15,0,0,285,0.0,0.0,60
123.7,60,15,0,0,285,0.0,0.0,60
123.8,60,15,0,0,285,0.0,0.0,60
123.9,60,15,0,0,285,0.0,0.0,60
124.0,60,15,0,0,285,0.0,0.0,60
124.1,60,15,0,0,285,0.0,0.0,60
124.2,60,15,0,0,285,0.0,0.0,60
124.3,60,15,0,0,285,0.0,0.0,60
124.4,60,15,0,0,285,0.0,0.0,60
124.5,60,15,0,0,285,0.0,0.0,60
124.6,60,15,0,0,285,0.0,0.0,60
124.7,60,15,0,0,285,0.0,0.0,60
124.8,60,15,0,0,285,0.0,0.0,60
124.9,60,15,0,0,285,0.0,0.0,60
125.0,60,15,0,0,285,0.0,0.0,60
125.1,60,15,0,0,285,0.0,0.0,60
125.2,60,15,0,0,285,0.0,0.0,60
125.3,60,15,0,0,285,0.0,0.0,60
125.4,60,15,0,0,285,0.0,0.0,60
125.5,60,15,0,0,285,0.0,0.0,60
125.6,60,15,0,0,285,0.0,0.0,60
125.7,60,15,0,0,285,0.0,0.0,60
125.8,60,15,0,0,285,0.0,0.0,60
125.9,60,15,0,0,285,0.0,0.0,60
126.0,60,15,0,0,285,0.0,0.0,60
126.1,60,15,0,0,285,0.0,0.0,60
126.2,60,15,0,0,285,0.0,0.0,60
126.3,60,15,0,0,285,0.0,0.0,60
126.4,60,15,0,0,285,0.0,0.0,60
126.5,60,15,0,0,285,0.0,0.0,60
126.6,60,15,0,0,285,0.0,0.0,60
126.7,60,15,0,0,285,0.0,0.0,60
126.8,60,15,0,0,285,0.0,0.0,60
126.9,60,15,0,0,285,0.0,0.0,60
127.0,60,15,0,0,285,0.0,0.0,60
127.1,60,15,0,0,285,0.0,0.0,60
127.2,60,15,0,0,285,0.0,0.0,60
127.3,60,15,0,0,285,0.0,0.0,60
127.4,60,15,0,0,285,0.0,0.0,60
127.5,60,15,0,0,285,0.0,0.0,60
127.6,60,15,0,0,285,0.0,0.0,60
127.7,60,15,0,0,285,0.0,0.0,60
127.8,60,15,0,0,285,0.0,0.0,60
127.9,60,15,0,0,285,0.0,0.0,60
128.0,60,15,0,0,285,0.0,0.0,60
128.1,60,15,0,0,285,0.0,0.0,60
128.2,60,15,0,0,285,0.0,0.0,60
128.3,60,15,0,0,285,0.0,0.0,60
128.4,60,14,0,1,285,0.0,0.04587155963302752,60
128.5,59,15,0,1,285,0.0,0.04587155963302752,59
128.6,59,15,0,1,285,0.0,0.04587155963302752,59
128.7,59,14,0,2,285,0.0,0.09174311926605504,59
128.8,58,15,0,2,285,0.0,0.09174311926605504,58
128.9,58,15,0,2,285,0.0,0.09174311926605504,58
129.0,58,14,0,3,285,0.0,0.13761467889908258,58
129.1,57,15,0,3,285,0.0,0.13761467889908258,57
129.2,57,15,0,3,285,0.0,0.13761467889908258,57
129.3,57,15,0,3,285,0.0,0.13761467889908258,57
129.4,57,14,0,4,285,0.0,0.18348623853211007,57
129.5,56,15,0,4,285,0.0,0.18348623853211007,56
129.6,56,15,0,4,285,0.0,0.18348623853211007,56
129.7,56,14,0,5,285,0.0,0.2293577981651376,56
129.8,55,15,0,5,285,0.0,0.2293577981651376,55
129.9,55,15,0,5,285,0.0,0.2293577981651376,55
130.0,55,14,0,6,285,0.0,0.27522935779816515,55
130.1,54,15,0,6,285,0.0,0.27522935779816515,54
130.2,54,15,0,6,285,0.0,0.27522935779816515,54
130.3,54,15,0,6,285,0.0,0.27522935779816515,54
130.4,54,14,0,7,285,0.0,0.3211009174311926,54
130.5,53,15,0,7,285,0.0,0.3211009174311926,53
130.6,53,15,0,7,285,0.0,0.3211009174311926,53
130.7,53,14,0,8,285,0.0,0.36697247706422015,53
130.8,52,15,0,8,285,0.0,0.36697247706422015,52
130.9,52,15,0,8,285,0.0,0.36697247706422015,52
131.0,52,14,0,9,285,0.0,0.4128440366972477,52
131.1,51,15,0,9,285,0.0,0.4128440366972477,51
131.2,51,15,0,9,285,0.0,0.4128440366972477,51
131.3,51,15,0,9,285,0.0,0.4128440366972477,51
131.4,51,14,0,10,285,0.0,0.4587155963302752,51
131.5,50,15,0,10,285,0.0,0.4587155963302752,50
131.6,50,15,0,10,285,0.0,0.4587155963302752,50
131.7,50,14,0,11,285,0.0,0.5045871559633027,50
131.8,49,15,0,11,285,0.0,0.5045871559633027,49
131.9,49,15,0,11,285,0.0,0.5045871559633027,49
132.0,49,14,0,12,285,0.0,0.5504587155963303,49
132.1,48,15,0,12,285,0.0,0.5504587155963303,48
132.2,48,15,0,12,285,0.0,0.5504587155963303,48
132.3,48,15,0,12,285,0.0,0.5504587155963303,48
132.4,48,14,0,13,285,0.0,0.5963302752293578,48
132.5,47,15,0,13,285,0.0,0.5963302752293578,47
132.6,47,15,0,13,285,0.0,0.5963302752293578,47
132.7,47,14,0,14,285,0.0,0.6422018348623852,47
132.8,46,15,0,14,285,0.0,0.6422018348623852,46
132.9,46,15,0,14,285,0.0,0.6422018348623852,46
133.0,46,14,0,15,285,0.0,0.6880733944954128,46
133.1,45,15,0,15,285,0.0,0.6880733944954128,45
133.2,45,15,0,15,285,0.0,0.6880733944954128,45
133.3,45,15,0,15,285,0.0,0.6880733944954128,45
133.4,45,15,0,15,285,0.0,0.6880733944954128,45
133.5,45,15,0,15,285,0.0,0.6880733944954128,45
133.6,45,15,0,15,285,0.0,0.6880733944954128,45
133.7,45,15,0,15,285,0.0,0.6880733944954128,45
133.8,45,15,0,15,285,0.0,0.6880733944954128,45
133.9,45,15,0,15,285,0.0,0.6880733944954128,45
134.0,45,15,0,15,285,0.0,0.6880733944954128,45
134.1,45,15,0,15,285,0.0,0.6880733944954128,45
134.2,45,15,0,14,286,0.0,0.6422018348623852,45
134.3,45,15,0,14,286,0.0,0.6422018348623852,45
134.4,45,15,0,14,286,0.0,0.6422018348623852,45
134.5,45,15,0,13,287,0.0,0.5963302752293578,45
134.6,45,15,0,13,287,0.0,0.5963302752293578,45
134.7,45,15,0,13,287,0.0,0.5963302752293578,45
134.8,45,15,0,12,288,0.0,0.5504587155963303,45
134.9,45,15,0,12,288,0.0,0.5504587155963303,45
135.0,45,15,0,12,288,0.0,0.5504587155963303,45
135.1,45,15,0,12,288,0.0,0.5504587155963303,45
135.2,45,15,0,11,289,0.0,0.5045871559633027,45
135.3,45,15,0,11,289,0.0,0.5045871559633027,45
135.4,45,15,0,11,289,0.0,0.5045871559633027,45
135.5,45,15,0,10,290,0.0,0.4587155963302752,45
135.6,45,15,0,10,290,0.0,0.4587155963302752,45
135.7,45,15,0,10,290,0.0,0.4587155963302752,45
135.8,45,15,0,9,291,0.0,0.4128440366972477,45
135.9,45,15,0,9,291,0.0,0.4128440366972477,45
136.0,45,15,0,9,291,0.0,0.4128440366972477,45
136.1,45,15,0,9,291,0.0,0.4128440366972477,45
136.2,45,15,0,8,292,0.0,0.36697247706422015,45
136.3,45,15,0,8,292,0.0,0.36697247706422015,45
136.4,45,15,0,8,292,0.0,0.36697247706422015,45
136.5,45,15,0,7,293,0.0,0.3211009174311926,45
136.6,45,15,0,7,293,0.0,0.3211009174311926,45
136.7,45,15,0,7,293,0.0,0.3211009174311926,45
136.8,45,15,0,6,294,0.0,0.27522935779816515,45
136.9,45,15,0,6,294,0.0,0.27522935779816515,45
137.0,45,15,0,6,294,0.0,0.27522935779816515,45
137.1,45,15,0,6,294,0.0,0.27522935779816515,45
137.2,45,15,0,5,295,0.0,0.2293577981651376,45
137.3,45,15,0,5,295,0.0,0.2293577981651376,45
137.4,45,15,0,5,295,0.0,0.2293577981651376,45
137.5,45,15,0,4,296,0.0,0.18348623853211007,45
137.6,45,15,0,4,296,0.0,0.18348623853211007,45
137.7,45,15,0,4,296,0.0,0.18348623853211007,45
137.8,45,15,0,3,297,0.0,0.13761467889908258,45
137.9,45,15,0,3,297,0.0,0.13761467889908258,45
138.0,45,15,0,3,297,0.0,0.13761467889908258,45
138.1,45,15,0,3,297,0.0,0.13761467889908258,45
138.2,45,15,0,2,298,0.0,0.09174311926605504,45
138.3,45,15,0,2,298,0.0,0.09174311926605504,45
138.4,45,15,0,2,298,0.0,0.09174311926605504,45
138.5,45,15,0,1,299,0.0,0.04587155963302752,45
138.6,45,15,0,1,299,0.0,0.04587155963302752,45
138.7,45,15,0,1,299,0.0,0.04587155963302752,45
138.8,45,15,0,0,300,0.0,0.0,45
138.9,45,15,0,0,300,0.0,0.0,45
139.0,45,15,0,0,300,0.0,0.0,45
139.1,45,15,0,0,300,0.0,0.0,45
139.2,45,15,0,0,300,0.0,0.0,45
139.3,45,15,0,0,300,0.0,0.0,45
139.4,45,15,0,0,300,0.0,0.0,45
139.5,45,15,0,0,300,0.0,0.0,45
139.6,45,15,0,0,300,0.0,0.0,45
139.7,45,15,0,0,300,0.0,0.0,45
139.8,45,15,0,0,300,0.0,0.0,45
139.9,45,15,0,0,300,0.0,0.0,45
140.0,45,15,0,0,300,0.0,0.0,45
140.1,45,15,0,0,300,0.0,0.0,45
140.2,45,15,0,0,300,0.0,0.0,45
140.3,45,15,0,0,300,0.0,0.0,45
140.4,45,15,0,0,300,0.0,0.0,45
140.5,45,15,0,0,300,0.0,0.0,45
140.6,45,15,0,0,300,0.0,0.0,45
140.7,45,15,0,0,300,0.0,0.0,45
140.8,45,15,0,0,300,0.0,0.0,45
140.9,45,15,0,0,300,0.0,0.0,45
141.0,45,15,0,0,300,0.0,0.0,45
141.1,45,15,0,0,300,0.0,0.0,45
141.2,45,15,0,0,300,0.0,0.0,45
141.3,45,15,0,0,300,0.0,0.0,45
141.4,45,15,0,0,300,0.0,0.0,45
141.5,45,15,0,0,300,0.0,0.0,45
141.6,45,15,0,0,300,0.0,0.0,45
141.7,45,15,0,0,300,0.0,0.0,45
141.8,45,15,0,0,300,0.0,0.0,45
141.9,45,15,0,0,300,0.0,0.0,45
142.0,45,15,0,0,300,0.0,0.0,45
142.1,45,15,0,0,300,0.0,0.0,45
142.2,45,15,0,0,300,0.0,0.0,45
142.3,45,15,0,0,300,0.0,0.0,45
142.4,45,15,0,0,300,0.0,0.0,45
142.5,45,15,0,0,300,0.0,0.0,45
142.6,45,15,0,0,300,0.0,0.0,45
142.7,45,15,0,0,300,0.0,0.0,45
142.8,45,15,0,0,300,0.0,0.0,45
142.9,45,15,0,0,300,0.0,0.0,45
143.0,45,15,0,0,300,0.0,0.0,45
143.1,45,15,0,0,300,0.0,0.0,45
143.2,45,15,0,0,300,0.0,0.0,45
143.3,45,15,0,0,300,0.0,0.0,45
143.4,45,15,0,0,300,0.0,0.0,45
143.5,45,15,0,0,300,0.0,0.0,45
143.6,45,15,0,0,300,0.0,0.0,45
143.7,45,15,0,0,300,0.0,0.0,45
143.8,45,15,0,0,300,0.0,0.0,45
143.9,45,15,0,0,300,0.0,0.0,45
144.0,45,14,0,1,300,0.0,0.04587155963302752,45
144.1,44,15,0,1,300,0.0,0.04587155963302752,44
144.2,44,15,0,1,300,0.0,0.04587155963302752,44
144.3,44,14,0,2,300,0.0,0.09174311926605504,44
144.4,43,15,0,2,300,0.0,0.09174311926605504,43
144.5,43,15,0,2,300,0.0,0.09174311926605504,43
144.6,43,14,0,3,300,0.0,0.13761467889908258,43
144.7,42,15,0,3,300,0.0,0.13761467889908258,42
144.8,42,15,0,3,300,0.0,0.13761467889908258,42
144.9,42,15,0,3,300,0.0,0.13761467889908258,42
145.0,42,14,0,4,300,0.0,0.18348623853211007,42
145.1,41,15,0,4,300,0.0,0.18348623853211007,41
145.2,41,15,0,4,300,0.0,0.18348623853211007,41
145.3,41,14,0,5,300,0.0,0.2293577981651376,41
145.4,40,15,0,5,300,0.0,0.2293577981651376,40
145.5,40,15,0,5,300,0.0,0.2293577981651376,40
145.6,40,14,0,6,300,0.0,0.27522935779816515,40
145.7,39,15,0,6,300,0.0,0.27522935779816515,39
145.8,39,15,0,6,300,0.0,0.27522935779816515,39
145.9,39,15,0,6,300,0.0,0.27522935779816515,39
146.0,39,14,0,7,300,0.0,0.3211009174311926,39
146.1,38,15,0,7,300,0.0,0.3211009174311926,38
146.2,38,15,0,7,300,0.0,0.3211009174311926,38
146.3,38,14,0,8,300,0.0,0.36697247706422015,38
146.4,37,15,0,8,300,0.0,0.36697247706422015,37
146.5,37,15,0,8,300,0.0,0.36697247706422015,37
146.6,37,14,0,9,300,0.0,0.4128440366972477,37
146.7,36,15,0,9,300,0.0,0.4128440366972477,36
146.8,36,15,0,9,300,0.0,0.4128440366972477,36
146.9,36,15,0,9,300,0.0,0.4128440366972477,36
147.0,36,14,0,10,300,0.0,0.4587155963302752,36
147.1,35,15,0,10,300,0.0,0.4587155963302752,35
147.2,35,15,0,10,300,0.0,0.4587155963302752,35
147.3,35,14,0,11,300,0.0,0.5045871559633027,35
147.4,34,15,0,11,300,0.0,0.5045871559633027,34
147.5,34,15,0,11,300,0.0,0.5045871559633027,34
147.6,34,14,0,12,300,0.0,0.5504587155963303,34
147.7,33,15,0,12,300,0.0,0.5504587155963303,33
147.8,33,15,0,12,300,0.0,0.5504587155963303,33
147.9,33,15,0,12,300,0.0,0.5504587155963303,33
148.0,33,14,0,13,300,0.0,0.5963302752293578,33
148.1,32,15,0,13,300,0.0,0.5963302752293578,32
148.2,32,15,0,13,300,0.0,0.5963302752293578,32
148.3,32,14,0,14,300,0.0,0.6422018348623852,32
148.4,31,15,0,14,300,0.0,0.6422018348623852,31
148.5,31,15,0,14,300,0.0,0.6422018348623852,31
148.6,31,14,0,15,300,0.0,0.6880733944954128,31
148.7,30,15,0,15,300,0.0,0.6880733944954128,30
148.8,30,15,0,15,300,0.0,0.6880733944954128,30
148.9,30,15,0,15,300,0.0,0.6880733944954128,30
149.0,30,15,0,15,300,0.0,0.6880733944954128,30
149.1,30,15,0,15,300,0.0,0.6880733944954128,30
149.2,30,15,0,15,300,0.0,0.6880733944954128,30
149.3,30,15,0,15,300,0.0,0.6880733944954128,30
149.4,30,15,0,15,300,0.0,0.6880733944954128,30
149.5,30,15,0,15,300,0.0,0.6880733944954128,30
149.6,30,15,0,15,300,0.0,0.6880733944954128,30
149.7,30,15,0,15,300,0.0,0.6880733944954128,30
149.8,30,15,0,14,301,0.0,0.6422018348623852,30
149.9,30,15,0,14,301,0.0,0.6422018348623852,30
150.0,30,15,0,14,301,0.0,0.6422018348623852,30
150.1,30,15,0,13,302,0.0,0.5963302752293578,30
150.2,30,15,0,13,302,0.0,0.5963302752293578,30
150.3,30,15,0,13,302,0.0,0.5963302752293578,30
150.4,30,15,0,12,303,0.0,0.5504587155963303,30
150.5,30,15,0,12,303,0.0,0.5504587155963303,30
150.6,30,15,0,12,303,0.0,0.5504587155963303,30
150.7,30,15,0,12,303,0.0,0.5504587155963303,30
150.8,30,15,0,11,304,0.0,0.5045871559633027,30
150.9,30,15,0,11,304,0.0,0.5045871559633027,30
151.0,30,15,0,11,304,0.0,0.5045871559633027,30
151.1,30,15,0,10,305,0.0,0.4587155963302752,30
151.2,30,15,0,10,305,0.0,0.4587155963302752,30
151.3,30,15,0,10,305,0.0,0.4587155963302752,30
151.4,30,15,0,9,306,0.0,0.4128440366972477,30
151.5,30,15,0,9,306,0.0,0.4128440366972477,30
151.6,30,15,0,9,306,0.0,0.4128440366972477,30
151.7,30,15,0,9,306,0.0,0.4128440366972477,30
151.8,30,15,0,8,307,0.0,0.36697247706422015,30
151.9,30,15,0,8,307,0.0,0.36697247706422015,30
152.0,30,15,0,8,307,0.0,0.36697247706422015,30
152.1,30,15,0,7,308,0.0,0.3211009174311926,30
152.2,30,15,0,7,308,0.0,0.3211009174311926,30
152.3,30,15,0,7,308,0.0,0.3211009174311926,30
152.4,30,15,0,6,309,0.0,0.27522935779816515,30
152.5,30,15,0,6,309,0.0,0.27522935779816515,30
152.6,30,15,0,6,309,0.0,0.27522935779816515,30
152.7,30,15,0,6,309,0.0,0.27522935779816515,30
152.8,30,15,0,5,310,0.0,0.2293577981651376,30
152.9,30,15,0,5,310,0.0,0.2293577981651376,30
153.0,30,15,0,5,310,0.0,0.2293577981651376,30
153.1,30,15,0,4,311,0.0,0.18348623853211007,30
153.2,30,15,0,4,311,0.0,0.18348623853211007,30
153.3,30,15,0,4,311,0.0,0.18348623853211007,30
153.4,30,15,0,3,312,0.0,0.13761467889908258,30
153.5,30,15,0,3,312,0.0,0.13761467889908258,30
153.6,30,15,0,3,312,0.0,0.13761467889908258,30
153.7,30,15,0,3,312,0.0,0.13761467889908258,30
153.8,30,15,0,2,313,0.0,0.09174311926605504,30
153.9,30,15,0,2,313,0.0,0.09174311926605504,30
154.0,30,15,0,2,313,0.0,0.09174311926605504,30
154.1,30,15,0,1,314,0.0,0.04587155963302752,30
154.2,30,15,0,1,314,0.0,0.04587155963302752,30
154.3,30,15,0,1,314,0.0,0.04587155963302752,30
154.4,30,15,0,0,315,0.0,0.0,30
154.5,30,15,0,0,315,0.0,0.0,30
154.6,30,15,0,0,315,0.0,0.0,30
154.7,30,15,0,0,315,0.0,0.0,30
154.8,30,15,0,0,315,0.0,0.0,30
154.9,30,15,0,0,315,0.0,0.0,30
155.0,30,15,0,0,315,0.0,0.0,30
155.1,30,15,0,0,315,0.0,0.0,30
155.2,30,15,0,0,315,0.0,0.0,30
155.3,30,15,0,0,315,0.0,0.0,30
155.4,30,15,0,0,315,0.0,0.0,30
155.5,30,15,0,0,315,0.0,0.0,30
155.6,30,15,0,0,315,0.0,0.0,30
155.7,30,15,0,0,315,0.0,0.0,30
155.8,30,15,0,0,315,0.0,0.0,30
155.9,30,15,0,0,315,0.0,0.0,30
156.0,30,15,0,0,315,0.0,0.0,30
156.1,30,15,0,0,315,0.0,0.0,30
156.2,30,15,0,0,315,0.0,0.0,30
156.3,30,15,0,0,315,0.0,0.0,30
156.4,30,15,0,0,315,0.0,0.0,30
156.5,30,15,0,0,315,0.0,0.0,30
156.6,30,15,0,0,315,0.0,0.0,30
156.7,30,15,0,0,315,0.0,0.0,30
156.8,30,15,0,0,315,0.0,0.0,30
156.9,30,15,0,0,315,0.0,0.0,30
157.0,30,15,0,0,315,0.0,0.0,30
157.1,30,15,0,0,315,0.0,0.0,30
157.2,30,15,0,0,315,0.0,0.0,30
157.3,30,15,0,0,315,0.0,0.0,30
157.4,30,15,0,0,315,0.0,0.0,30
157.5,30,15,0,0,315,0.0,0.0,30
157.6,30,15,0,0,315,0.0,0.0,30
157.7,30,15,0,0,315,0.0,0.0,30
157.8,30,15,0,0,315,0.0,0.0,30
157.9,30,15,0,0,315,0.0,0.0,30
158.0,30,15,0,0,315,0.0,0.0,30
158.1,30,15,0,0,315,0.0,0.0,30
158.2,30,15,0,0,315,0.0,0.0,30
158.3,30,15,0,0,315,0.0,0.0,30
158.4,30,15,0,0,315,0.0,0.0,30
158.5,30,15,0,0,315,0.0,0.0,30
158.6,30,15,0,0,315,0.0,0.0,30
158.7,30,15,0,0,315,0.0,0.0,30
158.8,30,15,0,0,315,0.0,0.0,30
158.9,30,15,0,0,315,0.0,0.0,30
159.0,30,15,0,0,315,0.0,0.0,30
159.1,30,15,0,0,315,0.0,0.0,30
159.2,30,15,0,0,315,0.0,0.0,30
159.3,30,15,0,0,315,0.0,0.0,30
159.4,30,15,0,0,315,0.0,0.0,30
159.5,30,15,0,0,315,0.0,0.0,30
159.6,30,14,0,1,315,0.0,0.04587155963302752,30
159.7,29,15,0,1,315,0.0,0.04587155963302752,29
159.8,29,15,0,1,315,0.0,0.04587155963302752,29
159.9,29,14,0,2,315,0.0,0.09174311926605504,29
160.0,28,15,0,2,315,0.0,0.09174311926605504,28
160.1,28,15,0,2,315,0.0,0.09174311926605504,28
160.2,28,14,0,3,315,0.0,0.13761467889908258,28
160.3,27,15,0,3,315,0.0,0.13761467889908258,27
160.4,27,15,0,3,315,0.0,0.13761467889908258,27
160.5,27,15,0,3,315,0.0,0.13761467889908258,27
160.6,27,14,0,4,315,0.0,0.18348623853211007,27
160.7,26,15,0,4,315,0.0,0.18348623853211007,26
160.8,26,15,0,4,315,0.0,0.18348623853211007,26
160.9,26,14,0,5,315,0.0,0.2293577981651376,26
161.0,25,15,0,5,315,0.0,0.2293577981651376,25
161.1,25,15,0,5,315,0.0,0.2293577981651376,25
161.2,25,14,0,6,315,0.0,0.27522935779816515,25
161.3,24,15,0,6,315,0.0,0.27522935779816515,24
161.4,24,15,0,6,315,0.0,0.27522935779816515,24
161.5,24,15,0,6,315,0.0,0.27522935779816515,24
161.6,24,14,0,7,315,0.0,0.3211009174311926,24
161.7,23,15,0,7,315,0.0,0.3211009174311926,23
161.8,23,15,0,7,315,0.0,0.3211009174311926,23
161.9,23,14,0,8,315,0.0,0.36697247706422015,23
162.0,22,15,0,8,315,0.0,0.36697247706422015,22
162.1,22,15,0,8,315,0.0,0.36697247706422015,22
162.2,22,14,0,9,315,0.0,0.4128440366972477,22
162.3,21,15,0,9,315,0.0,0.4128440366972477,21
162.4,21,15,0,9,315,0.0,0.4128440366972477,21
162.5,21,15,0,9,315,0.0,0.4128440366972477,21
162.6,21,14,0,10,315,0.0,0.4587155963302752,21
162.7,20,15,0,10,315,0.0,0.4587155963302752,20
162.8,20,15,0,10,315,0.0,0.4587155963302752,20
162.9,20,14,0,11,315,0.0,0.5045871559633027,20
163.0,19,15,0,11,315,0.0,0.5045871559633027,19
163.1,19,15,0,11,315,0.0,0.5045871559633027,19
163.2,19,14,0,12,315,0.0,0.5504587155963303,19
163.3,18,15,0,12,315,0.0,0.5504587155963303,18
163.4,18,15,0,12,315,0.0,0.5504587155963303,18
163.5,18,15,0,12,315,0.0,0.5504587155963303,18
163.6,18,14,0,13,315,0.0,0.5963302752293578,18
163.7,17,15,0,13,315,0.0,0.5963302752293578,17
163.8,17,15,0,13,315,0.0,0.5963302752293578,17
163.9,17,14,0,14,315,0.0,0.6422018348623852,17
164.0,16,15,0,14,315,0.0,0.6422018348623852,16
164.1,16,15,0,14,315,0.0,0.6422018348623852,16
164.2,16,14,0,15,315,0.0,0.6880733944954128,16
164.3,15,15,0,15,315,0.0,0.6880733944954128,15
164.4,15,15,0,15,315,0.0,0.6880733944954128,15
164.5,15,15,0,15,315,0.0,0.6880733944954128,15
164.6,15,15,0,15,315,0.0,0.6880733944954128,15
164.7,15,15,0,15,315,0.0,0.6880733944954128,15
164.8,15,15,0,15,315,0.0,0.6880733944954128,15
164.9,15,15,0,15,315,0.0,0.6880733944954128,15
165.0,15,15,0,15,315,0.0,0.6880733944954128,15
165.1,15,15,0,15,315,0.0,0.6880733944954128,15
165.2,15,15,0,15,315,0.0,0.6880733944954128,15
165.3,15,15,0,15,315,0.0,0.6880733944954128,15
165.4,15,15,0,14,316,0.0,0.6422018348623852,15
165.5,15,15,0,14,316,0.0,0.6422018348623852,15
165.6,15,15,0,14,316,0.0,0.6422018348623852,15
165.7,15,15,0,13,317,0.0,0.5963302752293578,15
165.8,15,15,0,13,317,0.0,0.5963302752293578,15
165.9,15,15,0,13,317,0.0,0.5963302752293578,15
166.0,15,15,0,12,318,0.0,0.5504587155963303,15
166.1,15,15,0,12,318,0.0,0.5504587155963303,15
166.2,15,15,0,12,318,0.0,0.5504587155963303,15
166.3,15,15,0,12,318,0.0,0.5504587155963303,15
166.4,15,15,0,11,319,0.0,0.5045871559633027,15
166.5,15,15,0,11,319,0.0,0.5045871559633027,15
166.6,15,15,0,11,319,0.0,0.5045871559633027,15
166.7,15,15,0,10,320,0.0,0.4587155963302752,15
166.8,15,15,0,10,320,0.0,0.4587155963302752,15
166.9,15,15,0,10,320,0.0,0.4587155963302752,15
167.0,15,15,0,9,321,0.0,0.4128440366972477,15
167.1,15,15,0,9,321,0.0,0.4128440366972477,15
167.2,15,15,0,9,321,0.0,0.4128440366972477,15
167.3,15,15,0,9,321,0.0,0.4128440366972477,15
167.4,15,15,0,8,322,0.0,0.36697247706422015,15
167.5,15,15,0,8,322,0.0,0.36697247706422015,15
167.6,15,15,0,8,322,0.0,0.36697247706422015,15
167.7,15,15,0,7,323,0.0,0.3211009174311926,15
167.8,15,15,0,7,323,0.0,0.3211009174311926,15
167.9,15,15,0,7,323,0.0,0.3211009174311926,15
168.0,15,15,0,6,324,0.0,0.27522935779816515,15
168.1,15,15,0,6,324,0.0,0.27522935779816515,15
168.2,15,15,0,6,324,0.0,0.27522935779816515,15
168.3,15,15,0,6,324,0.0,0.27522935779816515,15
168.4,15,15,0,5,325,0.0,0.2293577981651376,15
168.5,15,15,0,5,325,0.0,0.2293577981651376,15
168.6,15,15,0,5,325,0.0,0.2293577981651376,15
168.7,15,15,0,4,326,0.0,0.18348623853211007,15
168.8,15,15,0,4,326,0.0,0.18348623853211007,15
168.9,15,15,0,4,326,0.0,0.18348623853211007,15
169.0,15,15,0,3,327,0.0,0.13761467889908258,15
169.1,15,15,0,3,327,0.0,0.13761467889908258,15
169.2,15,15,0,3,327,0.0,0.13761467889908258,15
169.3,15,15,0,3,327,0.0,0.13761467889908258,15
169.4,15,15,0,2,328,0.0,0.09174311926605504,15
169.5,15,15,0,2,328,0.0,0.09174311926605504,15
169.6,15,15,0,2,328,0.0,0.09174311926605504,15
169.7,15,15,0,1,329,0.0,0.04587155963302752,15
169.8,15,15,0,1,329,0.0,0.04587155963302752,15
169.9,15,15,0,1,329,0.0,0.04587155963302752,15
170.0,15,15,0,0,330,0.0,0.0,15
170.1,15,15,0,0,330,0.0,0.0,15
170.2,15,15,0,0,330,0.0,0.0,15
170.3,15,15,0,0,330,0.0,0.0,15
170.4,15,15,0,0,330,0.0,0.0,15
170.5,15,15,0,0,330,0.0,0.0,15
170.6,15,15,0,0,330,0.0,0.0,15
170.7,15,15,0,0,330,0.0,0.0,15
170.8,15,15,0,0,330,0.0,0.0,15
170.9,15,15,0,0,330,0.0,0.0,15
171.0,15,15,0,0,330,0.0,0.0,15
171.1,15,15,0,0,330,0.0,0.0,15
171.2,15,15,0,0,330,0.0,0.0,15
171.3,15,15,0,0,330,0.0,0.0,15
171.4,15,15,0,0,330,0.0,0.0,15
171.5,15,15,0,0,330,0.0,0.0,15
171.6,15,15,0,0,330,0.0,0.0,15
171.7,15,15,0,0,330,0.0,0.0,15
171.8,15,15,0,0,330,0.0,0.0,15
171.9,15,15,0,0,330,0.0,0.0,15
172.0,15,15,0,0,330,0.0,0.0,15
172.1,15,15,0,0,330,0.0,0.0,15
172.2,15,15,0,0,330,0.0,0.0,15
172.3,15,15,0,0,330,0.0,0.0,15
172.4,15,15,0,0,330,0.0,0.0,15
172.5,15,15,0,0,330,0.0,0.0,15
172.6,15,15,0,0,330,0.0,0.0,15
172.7,15,15,0,0,330,0.0,0.0,15
172.8,15,15,0,0,330,0.0,0.0,15
172.9,15,15,0,0,330,0.0,0.0,15
173.0,15,15,0,0,330,0.0,0.0,15
173.1,15,15,0,0,330,0.0,0.0,15
173.2,15,15,0,0,330,0.0,0.0,15
173.3,15,15,0,0,330,0.0,0.0,15
173.4,15,15,0,0,330,0.0,0.0,15
173.5,15,15,0,0,330,0.0,0.0,15
173.6,15,15,0,0,330,0.0,0.0,15
173.7,15,15,0,0,330,0.0,0.0,15
173.8,15,15,0,0,330,0.0,0.0,15
173.9,15,15,0,0,330,0.0,0.0,15
174.0,15,15,0,0,330,0.0,0.0,15
174.1,15,15,0,0,330,0.0,0.0,15
174.2,15,15,0,0,330,0.0,0.0,15
174.3,15,15,0,0,330,0.0,0.0,15
174.4,15,15,0,0,330,0.0,0.0,15
174.5,15,15,0,0,330,0.0,0.0,15
174.6,15,15,0,0,330,0.0,0.0,15
174.7,15,15,0,0,330,0.0,0.0,15
174.8,15,15,0,0,330,0.0,0.0,15
174.9,15,15,0,0,330,0.0,0.0,15
175.0,15,15,0,0,330,0.0,0.0,15
175.1,15,15,0,0,330,0.0,0.0,15
175.2,15,14,0,1,330,0.0,0.04587155963302752,15
175.3,14,15,0,1,330,0.0,0.04587155963302752,14
175.4,14,15,0,1,330,0.0,0.04587155963302752,14
175.5,14,14,0,2,330,0.0,0.09174311926605504,14
175.6,13,15,0,2,330,0.0,0.09174311926605504,13
175.7,13,15,0,2,330,0.0,0.09174311926605504,13
175.8,13,14,0,3,330,0.0,0.13761467889908258,13
175.9,12,15,0,3,330,0.0,0.13761467889908258,12
176.0,12,15,0,3,330,0.0,0.13761467889908258,12
176.1,12,15,0,3,330,0.0,0.13761467889908258,12
176.2,12,14,0,4,330,0.0,0.18348623853211007,12
176.3,11,15,0,4,330,0.0,0.18348623853211007,11
176.4,11,15,0,4,330,0.0,0.18348623853211007,11
176.5,11,14,0,5,330,0.0,0.2293577981651376,11
176.6,10,15,0,5,330,0.0,0.2293577981651376,10
176.7,10,15,0,5,330,0.0,0.2293577981651376,10
176.8,10,14,0,6,330,0.0,0.27522935779816515,10
176.9,9,15,0,6,330,0.0,0.27522935779816515,9
177.0,9,15,0,6,330,0.0,0.27522935779816515,9
177.1,9,15,0,6,330,0.0,0.27522935779816515,9
177.2,9,14,0,7,330,0.0,0.3211009174311926,9
177.3,8,15,0,7,330,0.0,0.3211009174311926,8
177.4,8,15,0,7,330,0.0,0.3211009174311926,8
177.5,8,14,0,8,330,0.0,0.36697247706422015,8
177.6,7,15,0,8,330,0.0,0.36697247706422015,7
177.7,7,15,0,8,330,0.0,0.36697247706422015,7
177.8,7,14,0,9,330,0.0,0.4128440366972477,7
177.9,6,15,0,9,330,0.0,0.4128440366972477,6
178.0,6,15,0,9,330,0.0,0.4128440366972477,6
178.1,6,15,0,9,330,0.0,0.4128440366972477,6
178.2,6,14,0,10,330,0.0,0.4587155963302752,6
178.3,5,15,0,10,330,0.0,0.4587155963302752,5
178.4,5,15,0,10,330,0.0,0.4587155963302752,5
178.5,5,14,0,11,330,0.0,0.5045871559633027,5
178.6,4,15,0,11,330,0.0,0.5045871559633027,4
178.7,4,15,0,11,330,0.0,0.5045871559633027,4
178.8,4,14,0,12,330,0.0,0.5504587155963303,4
178.9,3,15,0,12,330,0.0,0.5504587155963303,3
179.0,3,15,0,12,330,0.0,0.5504587155963303,3
179.1,3,15,0,12,330,0.0,0.5504587155963303,3
179.2,3,14,0,13,330,0.0,0.5963302752293578,3
179.3,2,15,0,13,330,0.0,0.5963302752293578,2
179.4,2,15,0,13,330,0.0,0.5963302752293578,2
179.5,2,14,0,14,330,0.0,0.6422018348623852,2
179.6,1,15,0,14,330,0.0,0.6422018348623852,1
179.7,1,15,0,14,330,0.0,0.6422018348623852,1
179.8,1,14,0,15,330,0.0,0.6880733944954128,1
179.9,0,15,0,15,330,0.0,0.6880733944954128,0
180.0,0,15,0,15,330,0.0,0.6880733944954128,0
180.1,0,15,0,15,330,0.0,0.6880733944954128,0
180.2,0,15,0,15,330,0.0,0.6880733944954128,0
180.3,0,15,0,15,330,0.0,0.6880733944954128,0
180.4,0,15,0,15,330,0.0,0.6880733944954128,0
180.5,0,15,0,15,330,0.0,0.6880733944954128,0
180.6,0,15,0,15,330,0.0,0.6880733944954128,0
180.7,0,15,0,15,330,0.0,0.6880733944954128,0
180.8,0,15,0,15,330,0.0,0.6880733944954128,0
180.9,0,15,0,15,330,0.0,0.6880733944954128,0
181.0,0,15,0,14,331,0.0,0.6422018348623852,0
181.1,0,15,0,14,331,0.0,0.6422018348623852,0
181.2,0,15,0,14,331,0.0,0.6422018348623852,0
181.3,0,15,0,13,332,0.0,0.5963302752293578,0
181.4,0,15,0,13,332,0.0,0.5963302752293578,0
181.5,0,15,0,13,332,0.0,0.5963302752293578,0
181.6,0,15,0,12,333,0.0,0.5504587155963303,0
181.7,0,15,0,12,333,0.0,0.5504587155963303,0
181.8,0,15,0,12,333,0.0,0.5504587155963303,0
181.9,0,15,0,12,333,0.0,0.5504587155963303,0
182.0,0,15,0,11,334,0.0,0.5045871559633027,0
182.1,0,15,0,11,334,0.0,0.5045871559633027,0
182.2,0,15,0,11,334,0.0,0.5045871559633027,0
182.3,0,15,0,10,335,0.0,0.4587155963302752,0
182.4,0,15,0,10,335,0.0,0.4587155963302752,0
182.5,0,15,0,10,335,0.0,0.4587155963302752,0
182.6,0,15,0,9,336,0.0,0.4128440366972477,0
182.7,0,15,0,9,336,0.0,0.4128440366972477,0
182.8,0,15,0,9,336,0.0,0.4128440366972477,0
182.9,0,15,0,9,336,0.0,0.4128440366972477,0
183.0,0,15,0,8,337,0.0,0.36697247706422015,0
183.1,0,15,0,8,337,0.0,0.36697247706422015,0
183.2,0,15,0,8,337,0.0,0.36697247706422015,0
183.3,0,15,0,7,338,0.0,0.3211009174311926,0
183.4,0,15,0,7,338,0.0,0.3211009174311926,0
183.5,0,15,0,7,338,0.0,0.3211009174311926,0
183.6,0,15,0,6,339,0.0,0.27522935779816515,0
183.7,0,15,0,6,339,0.0,0.27522935779816515,0
183.8,0,15,0,6,339,0.0,0.27522935779816515,0
183.9,0,15,0,6,339,0.0,0.27522935779816515,0
184.0,0,15,0,5,340,0.0,0.2293577981651376,0
184.1,0,15,0,5,340,0.0,0.2293577981651376,0
184.2,0,15,0,5,340,0.0,0.2293577981651376,0
184.3,0,15,0,4,341,0.0,0.18348623853211007,0
184.4,0,15,0,4,341,0.0,0.18348623853211007,0
184.5,0,15,0,4,341,0.0,0.18348623853211007,0
184.6,0,15,0,3,342,0.0,0.13761467889908258,0
184.7,0,15,0,3,342,0.0,0.13761467889908258,0
184.8,0,15,0,3,342,0.0,0.13761467889908258,0
184.9,0,15,0,3,342,0.0,0.13761467889908258,0
185.0,0,15,0,2,343,0.0,0.09174311926605504,0
185.1,0,15,0,2,343,0.0,0.09174311926605504,0
185.2,0,15,0,2,343,0.0,0.09174311926605504,0
185.3,0,15,0,1,344,0.0,0.04587155963302752,0
185.4,0,15,0,1,344,0.0,0.04587155963302752,0
185.5,0,15,0,1,344,0.0,0.04587155963302752,0
185.6,0,15,0,0,345,0.0,0.0,0
185.7,0,15,0,0,345,0.0,0.0,0
185.8,0,15,0,0,345,0.0,0.0,0
185.9,0,15,0,0,345,0.0,0.0,0
186.0,0,15,0,0,345,0.0,0.0,0
186.1,0,15,0,0,345,0.0,0.0,0
186.2,0,15,0,0,345,0.0,0.0,0
186.3,0,15,0,0,345,0.0,0.0,0
186.4,0,15,0,0,345,0.0,0.0,0
186.5,0,15,0,0,345,0.0,0.0,0
186.6,0,15,0,0,345,0.0,0.0,0
186.7,0,15,0,0,345,0.0,0.0,0
186.8,0,15,0,0,345,0.0,0.0,0
186.9,0,15,0,0,345,0.0,0.0,0
187.0,0,15,0,0,345,0.0,0.0,0
187.1,0,15,0,0,345,0.0,0.0,0
187.2,0,15,0,0,345,0.0,0.0,0
187.3,0,15,0,0,345,0.0,0.0,0
187.4,0,15,0,0,345,0.0,0.0,0
187.5,0,15,0,0,345,0.0,0.0,0
187.6,0,15,0,0,345,0.0,0.0,0
187.7,0,15,0,0,345,0.0,0.0,0
187.8,0,15,0,0,345,0.0,0.0,0
187.9,0,15,0,0,345,0.0,0.0,0
188.0,0,15,0,0,345,0.0,0.0,0
188.1,0,15,0,0,345,0.0,0.0,0
188.2,0,15,0,0,345,0.0,0.0,0
188.3,0,15,0,0,345,0.0,0.0,0
188.4,0,15,0,0,345,0.0,0.0,0
188.5,0,15,0,0,345,0.0,0.0,0
188.6,0,15,0,0,345,0.0,0.0,0
188.7,0,15,0,0,345,0.0,0.0,0
188.8,0,15,0,0,345,0.0,0.0,0
188.9,0,15,0,0,345,0.0,0.0,0
189.0,0,15,0,0,345,0.0,0.0,0
189.1,0,15,0,0,345,0.0,0.0,0
189.2,0,15,0,0,345,0.0,0.0,0
189.3,0,15,0,0,345,0.0,0.0,0
189.4,0,15,0,0,345,0.0,0.0,0
189.5,0,15,0,0,345,0.0,0.0,0
189.6,0,15,0,0,345,0.0,0.0,0
189.7,0,15,0,0,345,0.0,0.0,0
189.8,0,15,0,0,345,0.0,0.0,0
189.9,0,15,0,0,345,0.0,0.0,0
190.0,0,15,0,0,345,0.0,0.0,0
190.1,0,15,0,0,345,0.0,0.0,0
190.2,0,15,0,0,345,0.0,0.0,0
190.3,0,15,0,0,345,0.0,0.0,0
190.4,0,15,0,0,345,0.0,0.0,0
190.5,0,15,0,0,345,0.0,0.0,0
190.6,0,15,0,0,345,0.0,0.0,0
190.7,0,15,0,0,345,0.0,0.0,0
190.8,0,14,0,1,345,0.0,0.04587155963302752,0
190.9,0,14,0,1,345,0.0,0.04587155963302752,0
191.0,0,14,0,1,345,0.0,0.04587155963302752,0
191.1,0,13,0,2,345,0.0,0.09174311926605504,0
191.2,0,13,0,2,345,0.0,0.09174311926605504,0
191.3,0,13,0,2,345,0.0,0.09174311926605504,0
191.4,0,12,0,3,345,0.0,0.13761467889908258,0
191.5,0,12,0,3,345,0.0,0.13761467889908258,0
191.6,0,12,0,3,345,0.0,0.13761467889908258,0
191.7,0,12,0,3,345,0.0,0.13761467889908258,0
191.8,0,11,0,4,345,0.0,0.18348623853211007,0
191.9,0,11,0,4,345,0.0,0.18348623853211007,0
192.0,0,11,0,4,345,0.0,0.18348623853211007,0
192.1,0,10,0,5,345,0.0,0.2293577981651376,0
192.2,0,10,0,5,345,0.0,0.2293577981651376,0
192.3,0,10,0,5,345,0.0,0.2293577981651376,0
192.4,0,9,0,6,345,0.0,0.27522935779816515,0
192.5,0,9,0,6,345,0.0,0.27522935779816515,0
192.6,0,9,0,6,345,0.0,0.27522935779816515,0
192.7,0,9,0,6,345,0.0,0.27522935779816515,0
192.8,0,8,0,7,345,0.0,0.3211009174311926,0
192.9,0,8,0,7,345,0.0,0.3211009174311926,0
193.0,0,8,0,7,345,0.0,0.3211009174311926,0
193.1,0,7,0,8,345,0.0,0.36697247706422015,0
193.2,0,7,0,8,345,0.0,0.36697247706422015,0
193.3,0,7,0,8,345,0.0,0.36697247706422015,0
193.4,0,6,0,9,345,0.0,0.4128440366972477,0
193.5,0,6,0,9,345,0.0,0.4128440366972477,0
193.6,0,6,0,9,345,0.0,0.4128440366972477,0
193.7,0,6,0,9,345,0.0,0.4128440366972477,0
193.8,0,5,0,10,345,0.0,0.4587155963302752,0
193.9,0,5,0,10,345,0.0,0.4587155963302752,0
194.0,0,5,0,10,345,0.0,0.4587155963302752,0
194.1,0,4,0,11,345,0.0,0.5045871559633027,0
194.2,0,4,0,11,345,0.0,0.5045871559633027,0
194.3,0,4,0,11,345,0.0,0.5045871559633027,0
194.4,0,3,0,12,345,0.0,0.5504587155963303,0
194.5,0,3,0,12,345,0.0,0.5504587155963303,0
194.6,0,3,0,12,345,0.0,0.5504587155963303,0
194.7,0,3,0,12,345,0.0,0.5504587155963303,0
194.8,0,2,0,13,345,0.0,0.5963302752293578,0
194.9,0,2,0,13,345,0.0,0.5963302752293578,0
195.0,0,2,0,13,345,0.0,0.5963302752293578,0
195.1,0,1,0,14,345,0.0,0.6422018348623852,0
195.2,0,1,0,14,345,0.0,0.6422018348623852,0
195.3,0,1,0,14,345,0.0,0.6422018348623852,0
195.4,0,0,0,15,345,0.0,0.6880733944954128,0
195.5,0,0,0,15,345,0.0,0.6880733944954128,0
195.6,0,0,0,15,345,0.0,0.6880733944954128,0
195.7,0,0,0,15,345,0.0,0.6880733944954128,0
195.8,0,0,0,15,345,0.0,0.6880733944954128,0
195.9,0,0,0,15,345,0.0,0.6880733944954128,0
196.0,0,0,0,15,345,0.0,0.6880733944954128,0
196.1,0,0,0,15,345,0.0,0.6880733944954128,0
196.2,0,0,0,15,345,0.0,0.6880733944954128,0
196.3,0,0,0,15,345,0.0,0.6880733944954128,0
196.4,0,0,0,15,345,0.0,0.6880733944954128,0
196.5,0,0,0,15,345,0.0,0.6880733944954128,0
196.6,0,0,0,14,346,0.0,0.6422018348623852,0
196.7,0,0,0,14,346,0.0,0.6422018348623852,0
196.8,0,0,0,14,346,0.0,0.6422018348623852,0
196.9,0,0,0,13,347,0.0,0.5963302752293578,0
197.0,0,0,0,13,347,0.0,0.5963302752293578,0
197.1,0,0,0,13,347,0.0,0.5963302752293578,0
197.2,0,0,0,12,348,0.0,0.5504587155963303,0
197.3,0,0,0,12,348,0.0,0.5504587155963303,0
197.4,0,0,0,12,348,0.0,0.5504587155963303,0
197.5,0,0,0,12,348,0.0,0.5504587155963303,0
197.6,0,0,0,11,349,0.0,0.5045871559633027,0
197.7,0,0,0,11,349,0.0,0.5045871559633027,0
197.8,0,0,0,11,349,0.0,0.5045871559633027,0
197.9,0,0,0,10,350,0.0,0.4587155963302752,0
198.0,0,0,0,10,350,0.0,0.4587155963302752,0
198.1,0,0,0,10,350,0.0,0.4587155963302752,0
198.2,0,0,0,9,351,0.0,0.4128440366972477,0
198.3,0,0,0,9,351,0.0,0.4128440366972477,0
198.4,0,0,0,9,351,0.0,0.4128440366972477,0
198.5,0,0,0,9,351,0.0,0.4128440366972477,0
198.6,0,0,0,8,352,0.0,0.36697247706422015,0
198.7,0,0,0,8,352,0.0,0.36697247706422015,0
198.8,0,0,0,8,352,0.0,0.36697247706422015,0
198.9,0,0,0,7,353,0.0,0.3211009174311926,0
199.0,0,0,0,7,353,0.0,0.3211009174311926,0
199.1,0,0,0,7,353,0.0,0.3211009174311926,0
199.2,0,0,0,6,354,0.0,0.27522935779816515,0
199.3,0,0,0,6,354,0.0,0.27522935779816515,0
199.4,0,0,0,6,354,0.0,0.27522935779816515,0
199.5,0,0,0,6,354,0.0,0.27522935779816515,0
199.6,0,0,0,5,355,0.0,0.2293577981651376,0
199.7,0,0,0,5,355,0.0,0.2293577981651376,0
199.8,0,0,0,5,355,0.0,0.2293577981651376,0
199.9,0,0,0,4,356,0.0,0.18348623853211007,0
200.0,0,0,0,4,356,0.0,0.18348623853211007,0
200.1,0,0,0,4,356,0.0,0.18348623853211007,0
200.2,0,0,0,3,357,0.0,0.13761467889908258,0
200.3,0,0,0,3,357,0.0,0.13761467889908258,0
200.4,0,0,0,3,357,0.0,0.13761467889908258,0
200.5,0,0,0,3,357,0.0,0.13761467889908258,0
200.6,0,0,0,2,358,0.0,0.09174311926605504,0
200.7,0,0,0,2,358,0.0,0.09174311926605504,0
200.8,0,0,0,2,358,0.0,0.09174311926605504,0
200.9,0,0,0,1,359,0.0,0.04587155963302752,0
201.0,0,0,0,1,359,0.0,0.04587155963302752,0
201.1,0,0,0,1,359,0.0,0.04587155963302752,0
201.2,0,0,0,0,360,0.0,0.0,0
