index,type,position,t_enter_SA1,t_enter_SA2,t_enter_SA3,t_exit_system,t_SA1_basic,t_PW_basic,t_SA3_basic,t_SA1_add,t_SA2_add,t_SA3_add,total_time
0,PA1,PASSED,0.30000000000000004,3.700000000000002,19.200000000000003,25.100000000000087,3.329192546583851,15.499999999999998,5.837505891348753,0.0,0.0,0.0,24.666698437932602
1,PA2,PASSED,0.30000000000000004,3.3000000000000016,6.199999999999994,12.299999999999972,2.9130434782608696,2.826086956521739,6.027950310559007,0.0,0.0,0.0,11.767080745341616
2,PA1,PASSED,0.6,4.000000000000002,19.500000000000007,25.40000000000009,3.329192546583851,15.499999999999998,5.860048370550327,0.0,0.0,0.0,24.689240917134175
3,PA2,PASSED,0.6,3.600000000000002,6.499999999999993,12.599999999999971,2.9130434782608696,2.826086956521739,6.027950310559007,0.0,0.0,0.0,11.767080745341616
4,PA1,PASSED,0.8999999999999999,4.300000000000001,19.80000000000001,25.700000000000095,3.329192546583851,15.499999999999998,5.885288880817988,0.0,0.0,0.0,24.714481427401836
5,PA2,PASSED,0.8999999999999999,3.900000000000002,6.799999999999992,12.89999999999997,2.9130434782608696,2.826086956521739,6.027950310559007,0.0,0.0,0.0,11.767080745341616
6,PA1,PASSED,1.3,4.699999999999999,20.200000000000017,26.200000000000102,3.329192546583851,15.499999999999998,5.913285981367036,0.0,0.0,0.0,24.742478527950883
7,PA2,PASSED,1.3,4.300000000000001,7.19999999999999,13.299999999999969,2.9130434782608696,2.826086956521739,6.027950310559007,0.0,0.0,0.0,11.767080745341616
8,PA1,PASSED,1.6000000000000003,4.999999999999998,20.50000000000002,26.500000000000107,3.329192546583851,15.499999999999998,5.944111719909817,0.0,0.0,0.0,24.773304266493664
9,PA2,PASSED,1.6000000000000003,4.6,7.499999999999989,13.599999999999968,2.9130434782608696,2.8107115593584364,6.027950310559007,0.0,0.0,0.0,11.751705348178312
10,PA1,PASSED,1.9000000000000006,5.299999999999997,20.800000000000026,26.80000000000011,3.329192546583851,15.499999999999998,5.97785189753901,0.0,0.0,0.0,24.80704444412286
11,PA2,PASSED,1.9000000000000006,4.899999999999999,7.799999999999988,13.899999999999967,2.9130434782608696,2.807838451016892,6.027950310559007,0.0,0.0,0.0,11.74883223983677
12,PA1,PASSED,2.3000000000000007,5.699999999999996,21.20000000000003,27.300000000000118,3.329192546583851,15.499999999999998,6.014606472459914,0.0,0.0,0.0,24.84379901904376
13,PA2,PASSED,2.3000000000000007,5.299999999999997,8.199999999999987,14.299999999999965,2.9130434782608696,2.820700016951719,6.027950310559007,0.0,0.0,0.0,11.761693805771596
14,PA1,PASSED,2.600000000000001,5.999999999999995,21.500000000000036,27.600000000000122,3.329192546583851,15.499999999999998,6.054490101346278,0.0,0.0,0.0,24.883682647930126
15,PA2,PASSED,2.600000000000001,5.599999999999996,8.499999999999986,14.599999999999964,2.9130434782608696,2.848623682449669,6.025440593583726,0.0,0.0,0.0,11.787107754294265
16,PA1,PASSED,2.9000000000000012,6.299999999999994,21.80000000000004,27.900000000000126,3.329192546583851,15.499999999999998,6.097632819212057,0.0,0.0,0.0,24.926825365795906
17,PA2,PASSED,2.9000000000000012,5.899999999999995,8.799999999999985,14.899999999999963,2.9130434782608696,2.8913690758422628,6.017246687100602,0.0,0.0,0.0,11.821659241203735
18,PA1,PASSED,3.3000000000000016,6.699999999999992,22.200000000000045,28.400000000000134,3.329192546583851,15.499999999999998,6.144180860580524,0.0,0.0,0.0,24.97337340716437
19,PA2,PASSED,3.3000000000000016,6.299999999999994,9.199999999999983,15.299999999999962,2.9130434782608696,2.8913690758422628,6.01243794835881,0.0,0.0,0.0,11.816850502461943
20,PA1,PASSED,3.600000000000002,6.999999999999991,22.50000000000005,28.700000000000138,3.329192546583851,15.499999999999998,6.194297626422116,0.0,0.0,0.0,25.023490173005964
21,PA2,PASSED,3.600000000000002,6.5999999999999925,9.499999999999982,15.59999999999996,2.9130434782608696,2.8913690758422628,6.01087715681968,0.0,0.0,0.0,11.815289710922812
22,PA1,PASSED,3.900000000000002,7.29999999999999,22.800000000000054,29.100000000000144,3.329192546583851,15.499999999999998,6.248164802834523,0.0,0.0,0.0,25.07735734941837
23,PA2,PASSED,3.900000000000002,6.8999999999999915,9.799999999999981,15.89999999999996,2.9130434782608696,2.8913690758422628,6.01245341260605,0.0,0.0,0.0,11.816865966709182
24,PA1,PASSED,4.300000000000001,7.699999999999989,23.20000000000006,29.60000000000015,3.329192546583851,15.499999999999998,6.30598363874442,0.0,0.0,0.0,25.13517618532827
25,PA2,PASSED,4.300000000000001,7.29999999999999,10.19999999999998,16.29999999999996,2.9130434782608696,2.8913690758422628,6.017079381605948,0.0,0.0,0.0,11.82149193570908
26,PA1,PASSED,4.6,7.999999999999988,23.500000000000064,29.900000000000155,3.329192546583851,15.499999999999998,6.367976390989625,0.0,0.0,0.0,25.197168937573473
27,PA2,PASSED,4.6,7.599999999999989,10.499999999999979,16.599999999999966,2.9130434782608696,2.8913690758422628,6.024689063525058,0.0,0.0,0.0,11.82910161762819
28,PA1,PASSED,4.899999999999999,8.299999999999986,23.800000000000068,30.30000000000016,3.329192546583851,15.499999999999998,6.434387945936557,0.0,0.0,0.0,25.263580492520404
29,PA2,PASSED,4.899999999999999,7.899999999999988,10.799999999999978,16.89999999999997,2.9130434782608696,2.8913690758422628,6.035235995575259,0.0,0.0,0.0,11.83964854967839
30,PA1,PASSED,5.299999999999997,8.699999999999985,24.200000000000074,30.800000000000168,3.329192546583851,15.499999999999998,6.505487627210989,0.0,0.0,0.0,25.334680173794837
31,PA2,PASSED,5.299999999999997,8.299999999999986,11.199999999999976,17.299999999999976,2.9130434782608696,2.8913690758422628,6.048691823155149,0.0,0.0,0.0,11.853104377258282
32,PA1,PASSED,5.599999999999996,8.999999999999984,24.500000000000078,31.100000000000172,3.329192546583851,15.499999999999998,6.581571199039004,0.0,0.0,0.0,25.41076374562285
33,PA2,PASSED,5.599999999999996,8.599999999999985,11.499999999999975,17.59999999999998,2.9130434782608696,2.8913690758422628,6.0650451834832815,0.0,0.0,0.0,11.869457737586414
34,PA1,PASSED,5.899999999999995,9.299999999999983,24.800000000000082,31.500000000000178,3.329192546583851,15.499999999999998,6.662963073923846,0.0,0.0,0.0,25.492155620507695
35,PA2,PASSED,5.899999999999995,8.899999999999984,11.799999999999974,17.899999999999984,2.9130434782608696,2.8913690758422628,6.084300859680093,0.0,0.0,0.0,11.888713413783226
36,PA1,PASSED,6.299999999999994,9.699999999999982,25.200000000000088,31.900000000000183,3.329192546583851,15.499999999999998,6.662963073923846,0.0,0.0,0.0,25.492155620507695
37,PA2,PASSED,6.299999999999994,9.299999999999983,12.199999999999973,18.39999999999999,2.9130434782608696,2.8913690758422628,6.106479171997104,0.0,0.0,0.0,11.910891726100235
38,PA1,PASSED,6.5999999999999925,9.99999999999998,25.500000000000092,32.20000000000019,3.329192546583851,15.499999999999998,6.662963073923846,0.0,0.0,0.0,25.492155620507695
39,PA2,PASSED,6.5999999999999925,9.599999999999982,12.499999999999972,18.699999999999996,2.9130434782608696,2.8913690758422628,6.106479171997104,0.0,0.0,0.0,11.910891726100235
40,PA1,PASSED,6.8999999999999915,10.29999999999998,25.800000000000097,32.50000000000019,3.329192546583851,15.499999999999998,6.662963073923846,0.0,0.0,0.0,25.492155620507695
41,PA2,PASSED,6.8999999999999915,9.89999999999998,12.79999999999997,19.0,2.9130434782608696,2.8913690758422628,6.106479171997104,0.0,0.0,0.0,11.910891726100235
42,PA1,PASSED,7.29999999999999,10.699999999999978,26.200000000000102,33.0000000000002,3.329192546583851,15.499999999999998,6.750018731666712,0.0,0.0,0.0,25.57921127825056
43,PA2,PASSED,7.29999999999999,10.29999999999998,13.199999999999969,19.400000000000006,2.9130434782608696,2.8913690758422628,6.106479171997104,0.0,0.0,0.0,11.910891726100235
44,PA1,PASSED,7.599999999999989,10.999999999999977,26.500000000000107,33.3000000000002,3.329192546583851,15.499999999999998,6.750018731666712,0.0,0.0,0.0,25.57921127825056
45,PA2,PASSED,7.599999999999989,10.599999999999978,13.499999999999968,19.70000000000001,2.9130434782608696,2.8913690758422628,6.106479171997104,0.0,0.0,0.0,11.910891726100235
46,PA1,PASSED,7.899999999999988,11.299999999999976,26.80000000000011,33.70000000000021,3.329192546583851,15.499999999999998,6.843127353725935,0.0,0.0,0.0,25.67231990030978
47,PA2,PASSED,7.899999999999988,10.899999999999977,13.799999999999967,20.000000000000014,2.9130434782608696,2.8913690758422628,6.106479171997104,0.0,0.0,0.0,11.910891726100235
48,PA1,PASSED,8.299999999999986,11.699999999999974,27.200000000000117,34.00000000000021,3.329192546583851,15.499999999999998,6.750018731666712,0.0,0.0,0.0,25.57921127825056
49,PA2,PASSED,8.299999999999986,11.299999999999976,14.199999999999966,20.40000000000002,2.9130434782608696,2.8913690758422628,6.106479171997104,0.0,0.0,0.0,11.910891726100235
50,PA1,PASSED,8.599999999999985,11.999999999999973,27.50000000000012,34.40000000000022,3.329192546583851,15.499999999999998,6.843127353725935,0.0,0.0,0.0,25.67231990030978
51,PA2,PASSED,8.599999999999985,11.599999999999975,14.499999999999964,20.700000000000024,2.9130434782608696,2.8913690758422628,6.106479171997104,0.0,0.0,0.0,11.910891726100235
52,PA1,PASSED,8.899999999999984,12.299999999999972,27.800000000000125,34.70000000000022,3.329192546583851,15.499999999999998,6.843127353725935,0.0,0.0,0.0,25.67231990030978
53,PA2,PASSED,8.899999999999984,11.899999999999974,14.799999999999963,21.00000000000003,2.9130434782608696,2.8913690758422628,6.106479171997104,0.0,0.0,0.0,11.910891726100235
54,PA1,PASSED,9.299999999999983,12.69999999999997,28.20000000000013,35.10000000000023,3.329192546583851,15.499999999999998,6.843127353725935,0.0,0.0,0.0,25.67231990030978
55,PA2,PASSED,9.299999999999983,12.299999999999972,15.199999999999962,21.400000000000034,2.9130434782608696,2.8913690758422628,6.106479171997104,0.0,0.0,0.0,11.910891726100235
56,PA1,PASSED,9.599999999999982,12.99999999999997,28.500000000000135,35.40000000000023,3.329192546583851,15.499999999999998,6.843127353725935,0.0,0.0,0.0,25.67231990030978
57,PA2,PASSED,9.599999999999982,12.599999999999971,15.499999999999961,21.70000000000004,2.9130434782608696,2.8913690758422628,6.106479171997104,0.0,0.0,0.0,11.910891726100235
58,PA1,PASSED,9.89999999999998,13.299999999999969,28.80000000000014,35.70000000000024,3.329192546583851,15.499999999999998,6.843127353725935,0.0,0.0,0.0,25.67231990030978
59,PA2,PASSED,9.89999999999998,12.89999999999997,15.79999999999996,22.000000000000043,2.9130434782608696,2.8913690758422628,6.106479171997104,0.0,0.0,0.0,11.910891726100235
60,PA1,PASSED,10.29999999999998,13.699999999999967,29.200000000000145,36.10000000000024,3.329192546583851,15.499999999999998,6.843127353725935,0.0,0.0,0.0,25.67231990030978
61,PA2,PASSED,10.29999999999998,13.299999999999969,16.19999999999996,22.40000000000005,2.9130434782608696,2.8913690758422628,6.106479171997104,0.0,0.0,0.0,11.910891726100235
62,PA1,PASSED,10.599999999999978,13.999999999999966,29.50000000000015,36.50000000000025,3.329192546583851,15.499999999999998,6.9427146721284725,0.0,0.0,0.0,25.77190721871232
63,PA2,PASSED,10.599999999999978,13.599999999999968,16.499999999999964,22.700000000000053,2.9130434782608696,2.8913690758422628,6.106479171997104,0.0,0.0,0.0,11.910891726100235
64,PA1,PASSED,10.899999999999977,14.299999999999965,29.800000000000153,36.900000000000254,3.329192546583851,15.499999999999998,7.049246024969603,0.0,0.0,0.0,25.878438571553453
65,PA2,PASSED,10.899999999999977,13.899999999999967,16.79999999999997,23.000000000000057,2.9130434782608696,2.8913690758422628,6.106479171997104,0.0,0.0,0.0,11.910891726100235
66,PA1,PASSED,11.299999999999976,14.699999999999964,30.20000000000016,37.30000000000026,3.329192546583851,15.499999999999998,7.049246024969603,0.0,0.0,0.0,25.878438571553453
67,PA2,PASSED,11.299999999999976,14.299999999999965,17.199999999999974,23.400000000000063,2.9130434782608696,2.8913690758422628,6.106479171997104,0.0,0.0,0.0,11.910891726100235
68,PA1,PASSED,11.599999999999975,14.999999999999963,30.500000000000163,37.600000000000264,3.329192546583851,15.499999999999998,7.049246024969603,0.0,0.0,0.0,25.878438571553453
69,PA2,PASSED,11.599999999999975,14.599999999999964,17.49999999999998,23.700000000000067,2.9130434782608696,2.8913690758422628,6.106479171997104,0.0,0.0,0.0,11.910891726100235
70,PA1,PASSED,11.899999999999974,15.299999999999962,30.800000000000168,38.00000000000027,3.329192546583851,15.499999999999998,7.163229600122433,0.0,0.0,0.0,25.992422146706282
71,PA2,PASSED,11.899999999999974,14.899999999999963,17.799999999999983,24.00000000000007,2.9130434782608696,2.8913690758422628,6.106479171997104,0.0,0.0,0.0,11.910891726100235
72,PA1,PASSED,12.299999999999972,15.69999999999996,31.200000000000173,38.300000000000274,3.329192546583851,15.499999999999998,7.049246024969603,0.0,0.0,0.0,25.878438571553453
73,PA2,PASSED,12.299999999999972,15.299999999999962,18.19999999999999,24.400000000000077,2.9130434782608696,2.8913690758422628,6.106479171997104,0.0,0.0,0.0,11.910891726100235
74,PA1,PASSED,12.599999999999971,15.99999999999996,31.500000000000178,38.80000000000028,3.329192546583851,15.499999999999998,7.285219834019128,0.0,0.0,0.0,26.114412380602975
75,PA2,PASSED,12.599999999999971,15.59999999999996,18.499999999999993,24.70000000000008,2.9130434782608696,2.8913690758422628,6.106479171997104,0.0,0.0,0.0,11.910891726100235
76,PA1,PASSED,12.89999999999997,16.29999999999996,31.800000000000182,39.100000000000286,3.329192546583851,15.499999999999998,7.285219834019128,0.0,0.0,0.0,26.114412380602975
77,PA2,PASSED,12.89999999999997,15.89999999999996,18.799999999999997,25.000000000000085,2.9130434782608696,2.8913690758422628,6.106479171997104,0.0,0.0,0.0,11.910891726100235
78,PA1,PASSED,13.299999999999969,16.699999999999967,32.20000000000019,39.50000000000029,3.329192546583851,15.499999999999998,7.285219834019128,0.0,0.0,0.0,26.114412380602975
79,PA2,PASSED,13.299999999999969,16.29999999999996,19.200000000000003,25.40000000000009,2.9130434782608696,2.8913690758422628,6.106479171997104,0.0,0.0,0.0,11.910891726100235
80,PA1,PASSED,13.599999999999968,16.99999999999997,32.50000000000019,39.800000000000296,3.329192546583851,15.499999999999998,7.285219834019128,0.0,0.0,0.0,26.114412380602975
81,PA2,PASSED,13.599999999999968,16.599999999999966,19.500000000000007,25.700000000000095,2.9130434782608696,2.8913690758422628,6.131615580312284,0.0,0.0,0.0,11.936028134415416
82,PA1,PASSED,13.899999999999967,17.299999999999976,32.800000000000196,40.1000000000003,3.329192546583851,15.499999999999998,7.285219834019128,0.0,0.0,0.0,26.114412380602975
83,PA2,PASSED,13.899999999999967,16.89999999999997,19.80000000000001,26.0000000000001,2.9130434782608696,2.8913690758422628,6.159760478062799,0.0,0.0,0.0,11.964173032165931
84,PA1,PASSED,14.299999999999965,17.69999999999998,33.2000000000002,40.500000000000306,3.329192546583851,15.499999999999998,7.285219834019128,0.0,0.0,0.0,26.114412380602975
85,PA2,PASSED,14.299999999999965,17.299999999999976,20.200000000000017,26.400000000000105,2.9130434782608696,2.8913690758422628,6.190979162784613,0.0,0.0,0.0,11.995391716887745
86,PA1,PASSED,14.599999999999964,17.999999999999986,33.500000000000206,40.80000000000031,3.329192546583851,15.499999999999998,7.285219834019128,0.0,0.0,0.0,26.114412380602975
87,PA2,PASSED,14.599999999999964,17.59999999999998,20.50000000000002,26.80000000000011,2.9130434782608696,2.8913690758422628,6.225351972611769,0.0,0.0,0.0,12.029764526714901
88,PA1,PASSED,14.899999999999963,18.29999999999999,33.80000000000021,41.100000000000314,3.329192546583851,15.499999999999998,7.285219834019128,0.0,0.0,0.0,26.114412380602975
89,PA2,PASSED,14.899999999999963,17.899999999999984,20.800000000000026,27.100000000000115,2.9130434782608696,2.8913690758422628,6.262974581639389,0.0,0.0,0.0,12.067387135742521
90,PA1,PASSED,15.299999999999962,18.699999999999996,34.200000000000216,41.50000000000032,3.329192546583851,15.499999999999998,7.285219834019128,0.0,0.0,0.0,26.114412380602975
91,PA2,PASSED,15.299999999999962,18.29999999999999,21.20000000000003,27.600000000000122,2.9130434782608696,2.8913690758422628,6.3039584501128365,0.0,0.0,0.0,12.108371004215968
92,PA1,PASSED,15.59999999999996,19.0,34.50000000000022,41.800000000000324,3.329192546583851,15.499999999999998,7.285219834019128,0.0,0.0,0.0,26.114412380602975
93,PA2,PASSED,15.59999999999996,18.599999999999994,21.500000000000036,27.900000000000126,2.9130434782608696,2.8913690758422628,6.348431428076536,0.0,0.0,0.0,12.152843982179668
94,PA1,PASSED,15.89999999999996,19.300000000000004,34.800000000000225,42.30000000000033,3.329192546583851,15.499999999999998,7.415820911801994,0.0,0.0,0.0,26.24501345838584
95,PA2,PASSED,15.89999999999996,18.9,21.80000000000004,28.20000000000013,2.9130434782608696,2.8913690758422628,6.396538513477555,0.0,0.0,0.0,12.200951067580688
96,PA1,PASSED,16.29999999999996,19.70000000000001,35.20000000000023,42.500000000000334,3.329192546583851,15.499999999999998,7.285219834019128,0.0,0.0,0.0,26.114412380602975
97,PA2,PASSED,16.29999999999996,19.300000000000004,22.200000000000045,28.700000000000138,2.9130434782608696,2.8913690758422628,6.448442767825407,0.0,0.0,0.0,12.25285532192854
98,PA1,PASSED,16.599999999999966,20.000000000000014,35.500000000000234,43.00000000000034,3.329192546583851,15.499999999999998,7.415820911801994,0.0,0.0,0.0,26.24501345838584
99,PA2,PASSED,16.599999999999966,19.60000000000001,22.50000000000005,29.100000000000144,2.9130434782608696,2.8913690758422628,6.504326394393976,0.0,0.0,0.0,12.308738948497108
100,PA1,PASSED,16.89999999999997,20.30000000000002,35.80000000000024,43.300000000000345,3.329192546583851,15.499999999999998,7.415820911801994,0.0,0.0,0.0,26.24501345838584
101,PA2,PASSED,16.89999999999997,19.900000000000013,22.800000000000054,29.400000000000148,2.9130434782608696,2.8913690758422628,6.564391985626441,0.0,0.0,0.0,12.368804539729574
102,PA1,PASSED,17.299999999999976,20.700000000000024,36.200000000000244,43.50000000000035,3.329192546583851,15.499999999999998,7.285219834019128,0.0,0.0,0.0,26.114412380602975
103,PA2,PASSED,17.299999999999976,20.30000000000002,23.20000000000006,29.900000000000155,2.9130434782608696,2.8913690758422628,6.628863947860216,0.0,0.0,0.0,12.433276501963348
104,PA1,PASSED,17.59999999999998,21.00000000000003,36.50000000000025,44.10000000000036,3.329192546583851,15.499999999999998,7.55569028686828,0.0,0.0,0.0,26.384882833452128
105,PA2,PASSED,17.59999999999998,20.600000000000023,23.500000000000064,30.20000000000016,2.9130434782608696,2.8913690758422628,6.6979901126925405,0.0,0.0,0.0,12.502402666795673
106,PA1,PASSED,17.899999999999984,21.300000000000033,36.80000000000025,44.40000000000036,3.329192546583851,15.499999999999998,7.55569028686828,0.0,0.0,0.0,26.384882833452128
107,PA2,PASSED,17.899999999999984,20.900000000000027,23.800000000000068,30.600000000000165,2.9130434782608696,2.8913690758422628,6.77204354519501,0.0,0.0,0.0,12.576456099298142
108,PA1,PASSED,18.29999999999999,21.70000000000004,37.20000000000026,44.80000000000037,3.329192546583851,15.499999999999998,7.55569028686828,0.0,0.0,0.0,26.384882833452128
109,PA2,PASSED,18.29999999999999,21.300000000000033,24.200000000000074,31.100000000000172,2.9130434782608696,2.8913690758422628,6.851324559657186,0.0,0.0,0.0,12.655737113760319
110,PA1,PASSED,18.599999999999994,22.000000000000043,37.50000000000026,45.10000000000037,3.329192546583851,15.499999999999998,7.55569028686828,0.0,0.0,0.0,26.384882833452128
111,PA2,PASSED,18.599999999999994,21.600000000000037,24.500000000000078,31.500000000000178,2.9130434782608696,2.8913690758422628,6.936162953448973,0.0,0.0,0.0,12.740575507552105
112,PA1,PASSED,18.9,22.300000000000047,37.80000000000027,45.400000000000375,3.329192546583851,15.499999999999998,7.55569028686828,0.0,0.0,0.0,26.384882833452128
113,PA2,PASSED,18.9,21.90000000000004,24.800000000000082,31.900000000000183,2.9130434782608696,2.8913690758422628,7.026920468731522,0.0,0.0,0.0,12.831333022834654
114,PA1,PASSED,19.300000000000004,22.700000000000053,38.20000000000027,45.80000000000038,3.329192546583851,15.499999999999998,7.55569028686828,0.0,0.0,0.0,26.384882833452128
115,PA2,PASSED,19.300000000000004,22.300000000000047,25.200000000000088,32.30000000000019,2.9130434782608696,2.8913690758422628,7.026920468731522,0.0,0.0,0.0,12.831333022834654
116,PA1,PASSED,19.60000000000001,23.000000000000057,38.50000000000028,46.100000000000385,3.329192546583851,15.499999999999998,7.55569028686828,0.0,0.0,0.0,26.384882833452128
117,PA2,PASSED,19.60000000000001,22.60000000000005,25.500000000000092,32.60000000000019,2.9130434782608696,2.8913690758422628,7.026920468731522,0.0,0.0,0.0,12.831333022834654
118,PA1,PASSED,19.900000000000013,23.30000000000006,38.80000000000028,46.60000000000039,3.329192546583851,15.499999999999998,7.705542099374616,0.0,0.0,0.0,26.534734645958466
119,PA2,PASSED,19.900000000000013,22.900000000000055,25.800000000000097,32.9000000000002,2.9130434782608696,2.8913690758422628,7.026920468731522,0.0,0.0,0.0,12.831333022834654
120,PA1,PASSED,20.30000000000002,23.700000000000067,39.20000000000029,47.0000000000004,3.329192546583851,15.499999999999998,7.705542099374616,0.0,0.0,0.0,26.534734645958466
121,PA2,PASSED,20.30000000000002,23.30000000000006,26.200000000000102,33.400000000000205,2.9130434782608696,2.8913690758422628,7.123993489831101,0.0,0.0,0.0,12.928406043934233
122,PA1,PASSED,20.600000000000023,24.00000000000007,39.50000000000029,47.400000000000404,3.329192546583851,15.499999999999998,7.866150321443348,0.0,0.0,0.0,26.695342868027197
123,PA2,PASSED,20.600000000000023,23.600000000000065,26.500000000000107,33.70000000000021,2.9130434782608696,2.8913690758422628,7.123993489831101,0.0,0.0,0.0,12.928406043934233
124,PA1,PASSED,20.900000000000027,24.300000000000075,39.800000000000296,47.70000000000041,3.329192546583851,15.499999999999998,7.866150321443348,0.0,0.0,0.0,26.695342868027197
125,PA2,PASSED,20.900000000000027,23.90000000000007,26.80000000000011,34.100000000000215,2.9130434782608696,2.8913690758422628,7.227815980730016,0.0,0.0,0.0,13.032228534833148
126,PA1,PASSED,21.300000000000033,24.70000000000008,40.2000000000003,48.00000000000041,3.329192546583851,15.499999999999998,7.705542099374616,0.0,0.0,0.0,26.534734645958466
127,PA2,PASSED,21.300000000000033,24.300000000000075,27.200000000000117,34.40000000000022,2.9130434782608696,2.8913690758422628,7.123993489831101,0.0,0.0,0.0,12.928406043934233
128,PA1,PASSED,21.600000000000037,25.000000000000085,40.500000000000306,48.40000000000042,3.329192546583851,15.499999999999998,7.866150321443348,0.0,0.0,0.0,26.695342868027197
129,PA2,PASSED,21.600000000000037,24.60000000000008,27.50000000000012,34.800000000000225,2.9130434782608696,2.8913690758422628,7.227815980730016,0.0,0.0,0.0,13.032228534833148
130,PA1,PASSED,21.90000000000004,25.30000000000009,40.80000000000031,48.70000000000042,3.329192546583851,15.499999999999998,7.866150321443348,0.0,0.0,0.0,26.695342868027197
131,PA2,PASSED,21.90000000000004,24.900000000000084,27.800000000000125,35.10000000000023,2.9130434782608696,2.8913690758422628,7.227815980730016,0.0,0.0,0.0,13.032228534833148
132,PA1,PASSED,22.300000000000047,25.700000000000095,41.200000000000315,49.000000000000426,3.329192546583851,15.499999999999998,7.705542099374616,0.0,0.0,0.0,26.534734645958466
133,PA2,PASSED,22.300000000000047,25.30000000000009,28.20000000000013,35.500000000000234,2.9130434782608696,2.8913690758422628,7.227815980730016,0.0,0.0,0.0,13.032228534833148
134,PA1,PASSED,22.60000000000005,26.0000000000001,41.50000000000032,49.40000000000043,3.329192546583851,15.499999999999998,7.866150321443348,0.0,0.0,0.0,26.695342868027197
135,PA2,PASSED,22.60000000000005,25.600000000000094,28.500000000000135,35.80000000000024,2.9130434782608696,2.8913690758422628,7.227815980730016,0.0,0.0,0.0,13.032228534833148
136,PA1,PASSED,22.900000000000055,26.300000000000104,41.800000000000324,49.700000000000436,3.329192546583851,15.499999999999998,7.866150321443348,0.0,0.0,0.0,26.695342868027197
137,PA2,PASSED,22.900000000000055,25.900000000000098,28.80000000000014,36.10000000000024,2.9130434782608696,2.8913690758422628,7.227815980730016,0.0,0.0,0.0,13.032228534833148
138,PA1,PASSED,23.30000000000006,26.70000000000011,42.20000000000033,50.10000000000044,3.329192546583851,15.499999999999998,7.866150321443348,0.0,0.0,0.0,26.695342868027197
139,PA2,PASSED,23.30000000000006,26.300000000000104,29.200000000000145,36.50000000000025,2.9130434782608696,2.8913690758422628,7.227815980730016,0.0,0.0,0.0,13.032228534833148
140,PA1,PASSED,23.600000000000065,27.000000000000114,42.500000000000334,50.400000000000446,3.329192546583851,15.499999999999998,7.866150321443348,0.0,0.0,0.0,26.695342868027197
141,PA2,PASSED,23.600000000000065,26.600000000000108,29.50000000000015,36.900000000000254,2.9130434782608696,2.8913690758422628,7.338862661798051,0.0,0.0,0.0,13.143275215901184
142,PA1,PASSED,23.90000000000007,27.300000000000118,42.80000000000034,50.70000000000045,3.329192546583851,15.499999999999998,7.866150321443348,0.0,0.0,0.0,26.695342868027197
143,PA2,PASSED,23.90000000000007,26.900000000000112,29.800000000000153,37.30000000000026,2.9130434782608696,2.8913690758422628,7.457652416883915,0.0,0.0,0.0,13.262064970987048
144,PA1,PASSED,24.300000000000075,27.700000000000124,43.200000000000344,51.100000000000456,3.329192546583851,15.499999999999998,7.866150321443348,0.0,0.0,0.0,26.695342868027197
145,PA2,PASSED,24.300000000000075,27.300000000000118,30.20000000000016,37.700000000000266,2.9130434782608696,2.8913690758422628,7.457652416883915,0.0,0.0,0.0,13.262064970987048
146,PA1,PASSED,24.60000000000008,28.000000000000128,43.50000000000035,51.40000000000046,3.329192546583851,15.499999999999998,7.866150321443348,0.0,0.0,0.0,26.695342868027197
147,PA2,PASSED,24.60000000000008,27.600000000000122,30.500000000000163,38.00000000000027,2.9130434782608696,2.8913690758422628,7.457652416883915,0.0,0.0,0.0,13.262064970987048
148,PA1,PASSED,24.900000000000084,28.300000000000132,43.80000000000035,51.700000000000465,3.329192546583851,15.499999999999998,7.866150321443348,0.0,0.0,0.0,26.695342868027197
149,PA2,PASSED,24.900000000000084,27.900000000000126,30.800000000000168,38.400000000000276,2.9130434782608696,2.8913690758422628,7.584751910273507,0.0,0.0,0.0,13.38916446437664
150,PA1,PASSED,25.30000000000009,28.700000000000138,44.20000000000036,52.10000000000047,3.329192546583851,15.499999999999998,7.866150321443348,0.0,0.0,0.0,26.695342868027197
151,PA2,PASSED,25.30000000000009,28.300000000000132,31.200000000000173,38.70000000000028,2.9130434782608696,2.8913690758422628,7.457652416883915,0.0,0.0,0.0,13.262064970987048
152,PA1,PASSED,25.600000000000094,29.000000000000142,44.50000000000036,52.60000000000048,3.329192546583851,15.499999999999998,8.038351387574112,0.0,0.0,0.0,26.867543934157958
153,PA2,PASSED,25.600000000000094,28.600000000000136,31.500000000000178,39.30000000000029,2.9130434782608696,2.8913690758422628,7.7207793765637955,0.0,0.0,0.0,13.525191930666928
154,PA1,PASSED,25.900000000000098,29.300000000000146,44.80000000000037,53.100000000000485,3.329192546583851,15.499999999999998,8.223045977027182,0.0,0.0,0.0,27.05223852361103
155,PA2,PASSED,25.900000000000098,28.90000000000014,31.800000000000182,39.60000000000029,2.9130434782608696,2.8913690758422628,7.7207793765637955,0.0,0.0,0.0,13.525191930666928
156,PA1,PASSED,26.300000000000104,29.700000000000152,45.20000000000037,53.30000000000049,3.329192546583851,15.499999999999998,8.038351387574112,0.0,0.0,0.0,26.867543934157958
157,PA2,PASSED,26.300000000000104,29.300000000000146,32.20000000000019,40.0000000000003,2.9130434782608696,2.8913690758422628,7.7207793765637955,0.0,0.0,0.0,13.525191930666928
158,PA1,PASSED,26.600000000000108,30.000000000000156,45.50000000000038,53.60000000000049,3.329192546583851,15.499999999999998,8.038351387574112,0.0,0.0,0.0,26.867543934157958
159,PA2,PASSED,26.600000000000108,29.60000000000015,32.50000000000019,40.3000000000003,2.9130434782608696,2.8913690758422628,7.7207793765637955,0.0,0.0,0.0,13.525191930666928
160,PA1,PASSED,26.900000000000112,30.30000000000016,45.80000000000038,54.1000000000005,3.329192546583851,15.499999999999998,8.223045977027182,0.0,0.0,0.0,27.05223852361103
161,PA2,PASSED,26.900000000000112,29.900000000000155,32.800000000000196,40.60000000000031,2.9130434782608696,2.8913690758422628,7.7207793765637955,0.0,0.0,0.0,13.525191930666928
162,PA1,PASSED,27.300000000000118,30.700000000000166,46.20000000000039,54.3000000000005,3.329192546583851,15.499999999999998,8.038351387574112,0.0,0.0,0.0,26.867543934157958
163,PA2,PASSED,27.300000000000118,30.30000000000016,33.2000000000002,41.00000000000031,2.9130434782608696,2.8913690758422628,7.7207793765637955,0.0,0.0,0.0,13.525191930666928
164,PA1,PASSED,27.600000000000122,31.00000000000017,46.50000000000039,54.80000000000051,3.329192546583851,15.499999999999998,8.223045977027182,0.0,0.0,0.0,27.05223852361103
165,PA2,PASSED,27.600000000000122,30.600000000000165,33.500000000000206,41.30000000000032,2.9130434782608696,2.8913690758422628,7.7207793765637955,0.0,0.0,0.0,13.525191930666928
166,PA1,PASSED,27.900000000000126,31.300000000000175,46.800000000000395,55.10000000000051,3.329192546583851,15.499999999999998,8.223045977027182,0.0,0.0,0.0,27.05223852361103
167,PA2,PASSED,27.900000000000126,30.90000000000017,33.80000000000021,41.60000000000032,2.9130434782608696,2.8913690758422628,7.7207793765637955,0.0,0.0,0.0,13.525191930666928
168,PA1,PASSED,28.300000000000132,31.70000000000018,47.2000000000004,55.50000000000052,3.329192546583851,15.499999999999998,8.223045977027182,0.0,0.0,0.0,27.05223852361103
169,PA2,PASSED,28.300000000000132,31.300000000000175,34.200000000000216,42.00000000000033,2.9130434782608696,2.8913690758422628,7.7207793765637955,0.0,0.0,0.0,13.525191930666928
170,PA1,PASSED,28.600000000000136,32.000000000000185,47.500000000000405,55.80000000000052,3.329192546583851,15.499999999999998,8.223045977027182,0.0,0.0,0.0,27.05223852361103
171,PA2,PASSED,28.600000000000136,31.60000000000018,34.50000000000022,42.30000000000033,2.9130434782608696,2.8913690758422628,7.7207793765637955,0.0,0.0,0.0,13.525191930666928
172,PA1,PASSED,28.90000000000014,32.30000000000019,47.80000000000041,56.30000000000053,3.329192546583851,15.499999999999998,8.421199494446334,0.0,0.0,0.0,27.25039204103018
173,PA2,PASSED,28.90000000000014,31.900000000000183,34.800000000000225,42.70000000000034,2.9130434782608696,2.8913690758422628,7.866408523570992,0.0,0.0,0.0,13.670821077674123
174,PA1,PASSED,29.300000000000146,32.700000000000195,48.200000000000415,56.700000000000536,3.329192546583851,15.499999999999998,8.421199494446334,0.0,0.0,0.0,27.25039204103018
175,PA2,PASSED,29.300000000000146,32.30000000000019,35.20000000000023,43.00000000000034,2.9130434782608696,2.8913690758422628,7.7207793765637955,0.0,0.0,0.0,13.525191930666928
176,PA1,PASSED,29.60000000000015,33.0000000000002,48.50000000000042,56.80000000000054,3.329192546583851,15.499999999999998,8.223045977027182,0.0,0.0,0.0,27.05223852361103
177,PA2,PASSED,29.60000000000015,32.60000000000019,35.500000000000234,43.40000000000035,2.9130434782608696,2.8913690758422628,7.866408523570992,0.0,0.0,0.0,13.670821077674123
178,PA1,PASSED,29.900000000000155,33.3000000000002,48.80000000000042,57.300000000000544,3.329192546583851,15.499999999999998,8.421199494446334,0.0,0.0,0.0,27.25039204103018
179,PA2,PASSED,29.900000000000155,32.9000000000002,35.80000000000024,43.70000000000035,2.9130434782608696,2.8913690758422628,7.866408523570992,0.0,0.0,0.0,13.670821077674123
180,PA1,PASSED,30.30000000000016,33.70000000000021,49.20000000000043,57.70000000000055,3.329192546583851,15.499999999999998,8.421199494446334,0.0,0.0,0.0,27.25039204103018
181,PA2,PASSED,30.30000000000016,33.3000000000002,36.200000000000244,44.000000000000355,2.9130434782608696,2.8913690758422628,7.7207793765637955,0.0,0.0,0.0,13.525191930666928
182,PA1,PASSED,30.600000000000165,34.00000000000021,49.50000000000043,57.80000000000055,3.329192546583851,15.499999999999998,8.223045977027182,0.0,0.0,0.0,27.05223852361103
183,PA2,PASSED,30.600000000000165,33.60000000000021,36.50000000000025,44.600000000000364,2.9130434782608696,2.8913690758422628,8.022372456864083,0.0,0.0,0.0,13.826785010967216
184,PA1,PASSED,30.90000000000017,34.30000000000022,49.80000000000044,58.30000000000056,3.329192546583851,15.499999999999998,8.421199494446334,0.0,0.0,0.0,27.25039204103018
185,PA2,PASSED,30.90000000000017,33.90000000000021,36.80000000000025,44.90000000000037,2.9130434782608696,2.8913690758422628,8.022372456864083,0.0,0.0,0.0,13.826785010967216
186,PA1,PASSED,31.300000000000175,34.70000000000022,50.20000000000044,58.700000000000564,3.329192546583851,15.499999999999998,8.421199494446334,0.0,0.0,0.0,27.25039204103018
187,PA2,PASSED,31.300000000000175,34.30000000000022,37.20000000000026,45.300000000000374,2.9130434782608696,2.8913690758422628,8.022372456864083,0.0,0.0,0.0,13.826785010967216
188,PA1,PASSED,31.60000000000018,35.00000000000023,50.50000000000045,59.00000000000057,3.329192546583851,15.499999999999998,8.421199494446334,0.0,0.0,0.0,27.25039204103018
189,PA2,PASSED,31.60000000000018,34.60000000000022,37.50000000000026,45.60000000000038,2.9130434782608696,2.8913690758422628,8.022372456864083,0.0,0.0,0.0,13.826785010967216
190,PA1,PASSED,31.900000000000183,35.30000000000023,50.80000000000045,59.30000000000057,3.329192546583851,15.499999999999998,8.421199494446334,0.0,0.0,0.0,27.25039204103018
191,PA2,PASSED,31.900000000000183,34.900000000000226,37.80000000000027,45.90000000000038,2.9130434782608696,2.8913690758422628,8.022372456864083,0.0,0.0,0.0,13.826785010967216
192,PA1,PASSED,32.30000000000019,35.70000000000024,51.20000000000046,59.70000000000058,3.329192546583851,15.499999999999998,8.421199494446334,0.0,0.0,0.0,27.25039204103018
193,PA2,PASSED,32.30000000000019,35.30000000000023,38.20000000000027,46.30000000000039,2.9130434782608696,2.8913690758422628,8.022372456864083,0.0,0.0,0.0,13.826785010967216
194,PA1,PASSED,32.60000000000019,36.00000000000024,51.50000000000046,60.00000000000058,3.329192546583851,15.499999999999998,8.421199494446334,0.0,0.0,0.0,27.25039204103018
195,PA2,PASSED,32.60000000000019,35.600000000000236,38.50000000000028,46.60000000000039,2.9130434782608696,2.8913690758422628,8.022372456864083,0.0,0.0,0.0,13.826785010967216
196,PA1,PASSED,32.9000000000002,36.300000000000246,51.800000000000466,60.30000000000059,3.329192546583851,15.499999999999998,8.421199494446334,0.0,0.0,0.0,27.25039204103018
197,PA2,PASSED,32.9000000000002,35.90000000000024,38.80000000000028,47.0000000000004,2.9130434782608696,2.8913690758422628,8.189467491631422,0.0,0.0,0.0,13.993880045734555
198,PA1,PASSED,33.3000000000002,36.70000000000025,52.20000000000047,60.70000000000059,3.329192546583851,15.499999999999998,8.421199494446334,0.0,0.0,0.0,27.25039204103018
199,PA2,PASSED,33.3000000000002,36.300000000000246,39.20000000000029,47.400000000000404,2.9130434782608696,2.8913690758422628,8.189467491631422,0.0,0.0,0.0,13.993880045734555
200,PA1,PASSED,33.60000000000021,37.000000000000256,52.500000000000476,61.2000000000006,3.329192546583851,15.499999999999998,8.633840638201587,0.0,0.0,0.0,27.463033184785434
201,PA2,PASSED,33.60000000000021,36.60000000000025,39.50000000000029,47.90000000000041,2.9130434782608696,2.8913690758422628,8.368556659801213,0.0,0.0,0.0,14.172969213904345
202,PA1,PASSED,33.90000000000021,37.30000000000026,52.80000000000048,61.500000000000604,3.329192546583851,15.499999999999998,8.633840638201587,0.0,0.0,0.0,27.463033184785434
203,PA2,PASSED,33.90000000000021,36.900000000000254,39.800000000000296,48.200000000000415,2.9130434782608696,2.8913690758422628,8.368556659801213,0.0,0.0,0.0,14.172969213904345
204,PA1,PASSED,34.30000000000022,37.700000000000266,53.200000000000486,61.90000000000061,3.329192546583851,15.499999999999998,8.633840638201587,0.0,0.0,0.0,27.463033184785434
205,PA2,PASSED,34.30000000000022,37.30000000000026,40.2000000000003,48.40000000000042,2.9130434782608696,2.8913690758422628,8.189467491631422,0.0,0.0,0.0,13.993880045734555
206,PA1,PASSED,34.60000000000022,38.00000000000027,53.50000000000049,62.40000000000062,3.329192546583851,15.499999999999998,8.862057244135986,0.0,0.0,0.0,27.691249790719834
207,PA2,PASSED,34.60000000000022,37.600000000000264,40.500000000000306,48.900000000000425,2.9130434782608696,2.8913690758422628,8.368556659801213,0.0,0.0,0.0,14.172969213904345
208,PA1,PASSED,34.900000000000226,38.300000000000274,53.800000000000495,62.70000000000062,3.329192546583851,15.499999999999998,8.862057244135986,0.0,0.0,0.0,27.691249790719834
209,PA2,PASSED,34.900000000000226,37.90000000000027,40.80000000000031,49.20000000000043,2.9130434782608696,2.8913690758422628,8.368556659801213,0.0,0.0,0.0,14.172969213904345
210,PA1,PASSED,35.30000000000023,38.70000000000028,54.2000000000005,62.900000000000624,3.329192546583851,15.499999999999998,8.633840638201587,0.0,0.0,0.0,27.463033184785434
211,PA2,PASSED,35.30000000000023,38.300000000000274,41.200000000000315,49.40000000000043,2.9130434782608696,2.8913690758422628,8.189467491631422,0.0,0.0,0.0,13.993880045734555
212,PA1,PASSED,35.600000000000236,39.000000000000284,54.500000000000504,63.40000000000063,3.329192546583851,15.499999999999998,8.862057244135986,0.0,0.0,0.0,27.691249790719834
213,PA2,PASSED,35.600000000000236,38.60000000000028,41.50000000000032,49.90000000000044,2.9130434782608696,2.8913690758422628,8.368556659801213,0.0,0.0,0.0,14.172969213904345
214,PA1,PASSED,35.90000000000024,39.30000000000029,54.80000000000051,64.00000000000064,3.329192546583851,15.499999999999998,9.106988336046715,0.0,0.0,0.0,27.936180882630563
215,PA2,PASSED,35.90000000000024,38.90000000000028,41.800000000000324,50.20000000000044,2.9130434782608696,2.8913690758422628,8.368556659801213,0.0,0.0,0.0,14.172969213904345
216,PA1,PASSED,36.300000000000246,39.700000000000294,55.200000000000514,64.10000000000063,3.329192546583851,15.499999999999998,8.862057244135986,0.0,0.0,0.0,27.691249790719834
217,PA2,PASSED,36.300000000000246,39.30000000000029,42.20000000000033,50.60000000000045,2.9130434782608696,2.8913690758422628,8.368556659801213,0.0,0.0,0.0,14.172969213904345
218,PA1,PASSED,36.60000000000025,40.0000000000003,55.50000000000052,64.7000000000006,3.329192546583851,15.499999999999998,9.106988336046715,0.0,0.0,0.0,27.936180882630563
219,PA2,PASSED,36.60000000000025,39.60000000000029,42.500000000000334,50.90000000000045,2.9130434782608696,2.8913690758422628,8.368556659801213,0.0,0.0,0.0,14.172969213904345
220,PA1,PASSED,36.900000000000254,40.3000000000003,55.80000000000052,65.00000000000058,3.329192546583851,15.499999999999998,9.106988336046715,0.0,0.0,0.0,27.936180882630563
221,PA2,PASSED,36.900000000000254,39.9000000000003,42.80000000000034,51.20000000000046,2.9130434782608696,2.8913690758422628,8.368556659801213,0.0,0.0,0.0,14.172969213904345
222,PA1,PASSED,37.30000000000026,40.70000000000031,56.20000000000053,65.40000000000056,3.329192546583851,15.499999999999998,9.106988336046715,0.0,0.0,0.0,27.936180882630563
223,PA2,PASSED,37.30000000000026,40.3000000000003,43.200000000000344,51.60000000000046,2.9130434782608696,2.8913690758422628,8.368556659801213,0.0,0.0,0.0,14.172969213904345
224,PA1,PASSED,37.600000000000264,41.00000000000031,56.50000000000053,65.70000000000054,3.329192546583851,15.499999999999998,9.106988336046715,0.0,0.0,0.0,27.936180882630563
225,PA2,PASSED,37.600000000000264,40.60000000000031,43.50000000000035,51.90000000000047,2.9130434782608696,2.8913690758422628,8.368556659801213,0.0,0.0,0.0,14.172969213904345
226,PA1,PASSED,37.90000000000027,41.30000000000032,56.80000000000054,66.20000000000051,3.329192546583851,15.499999999999998,9.369810993838517,0.0,0.0,0.0,28.199003540422364
227,PA2,PASSED,37.90000000000027,40.90000000000031,43.80000000000035,52.20000000000047,2.9130434782608696,2.8913690758422628,8.368556659801213,0.0,0.0,0.0,14.172969213904345
228,PA1,PASSED,38.300000000000274,41.70000000000032,57.20000000000054,66.60000000000049,3.329192546583851,15.499999999999998,9.369810993838517,0.0,0.0,0.0,28.199003540422364
229,PA2,PASSED,38.300000000000274,41.30000000000032,44.20000000000036,52.60000000000048,2.9130434782608696,2.8913690758422628,8.368556659801213,0.0,0.0,0.0,14.172969213904345
230,PA1,PASSED,38.60000000000028,42.00000000000033,57.50000000000055,66.70000000000049,3.329192546583851,15.499999999999998,9.106988336046715,0.0,0.0,0.0,27.936180882630563
231,PA2,PASSED,38.60000000000028,41.60000000000032,44.50000000000036,53.100000000000485,2.9130434782608696,2.8913690758422628,8.560572643130584,0.0,0.0,0.0,14.364985197233716
232,PA1,PASSED,38.90000000000028,42.30000000000033,57.80000000000055,67.20000000000046,3.329192546583851,15.499999999999998,9.369810993838517,0.0,0.0,0.0,28.199003540422364
233,PA2,PASSED,38.90000000000028,41.900000000000325,44.80000000000037,53.60000000000049,2.9130434782608696,2.8913690758422628,8.766519760685105,0.0,0.0,0.0,14.570932314788237
234,PA1,PASSED,39.30000000000029,42.70000000000034,58.20000000000056,67.60000000000043,3.329192546583851,15.499999999999998,9.369810993838517,0.0,0.0,0.0,28.199003540422364
235,PA2,PASSED,39.30000000000029,42.30000000000033,45.20000000000037,53.800000000000495,2.9130434782608696,2.8913690758422628,8.560572643130584,0.0,0.0,0.0,14.364985197233716
236,PA1,PASSED,39.60000000000029,43.00000000000034,58.50000000000056,67.70000000000043,3.329192546583851,15.499999999999998,9.106988336046715,0.0,0.0,0.0,27.936180882630563
237,PA2,PASSED,39.60000000000029,42.600000000000335,45.50000000000038,54.1000000000005,2.9130434782608696,2.8913690758422628,8.560572643130584,0.0,0.0,0.0,14.364985197233716
238,PA1,PASSED,39.9000000000003,43.300000000000345,58.800000000000566,68.2000000000004,3.329192546583851,15.499999999999998,9.369810993838517,0.0,0.0,0.0,28.199003540422364
239,PA2,PASSED,39.9000000000003,42.90000000000034,45.80000000000038,54.600000000000506,2.9130434782608696,2.8913690758422628,8.766519760685105,0.0,0.0,0.0,14.570932314788237
240,PA1,PASSED,40.3000000000003,43.70000000000035,59.20000000000057,68.60000000000038,3.329192546583851,15.499999999999998,9.369810993838517,0.0,0.0,0.0,28.199003540422364
241,PA2,PASSED,40.3000000000003,43.300000000000345,46.20000000000039,54.80000000000051,2.9130434782608696,2.8913690758422628,8.560572643130584,0.0,0.0,0.0,14.364985197233716
242,PA1,PASSED,40.60000000000031,44.000000000000355,59.500000000000576,68.90000000000036,3.329192546583851,15.499999999999998,9.369810993838517,0.0,0.0,0.0,28.199003540422364
243,PA2,PASSED,40.60000000000031,43.60000000000035,46.50000000000039,55.300000000000516,2.9130434782608696,2.8913690758422628,8.766519760685105,0.0,0.0,0.0,14.570932314788237
244,PA1,PASSED,40.90000000000031,44.30000000000036,59.80000000000058,69.20000000000034,3.329192546583851,15.499999999999998,9.369810993838517,0.0,0.0,0.0,28.199003540422364
245,PA2,PASSED,40.90000000000031,43.900000000000354,46.800000000000395,55.60000000000052,2.9130434782608696,2.8913690758422628,8.766519760685105,0.0,0.0,0.0,14.570932314788237
246,PA1,PASSED,41.30000000000032,44.700000000000365,60.200000000000585,69.60000000000032,3.329192546583851,15.499999999999998,9.369810993838517,0.0,0.0,0.0,28.199003540422364
247,PA2,PASSED,41.30000000000032,44.30000000000036,47.2000000000004,56.000000000000526,2.9130434782608696,2.8913690758422628,8.766519760685105,0.0,0.0,0.0,14.570932314788237
248,PA1,PASSED,41.60000000000032,45.00000000000037,60.50000000000059,69.9000000000003,3.329192546583851,15.499999999999998,9.369810993838517,0.0,0.0,0.0,28.199003540422364
249,PA2,PASSED,41.60000000000032,44.600000000000364,47.500000000000405,56.30000000000053,2.9130434782608696,2.8913690758422628,8.766519760685105,0.0,0.0,0.0,14.570932314788237
250,PA1,PASSED,41.900000000000325,45.300000000000374,60.800000000000594,70.20000000000029,3.329192546583851,15.499999999999998,9.369810993838517,0.0,0.0,0.0,28.199003540422364
251,PA2,PASSED,41.900000000000325,44.90000000000037,47.80000000000041,56.80000000000054,2.9130434782608696,2.8913690758422628,8.987474504766187,0.0,0.0,0.0,14.79188705886932
252,PA1,PASSED,42.30000000000033,45.70000000000038,61.2000000000006,70.90000000000025,3.329192546583851,15.499999999999998,9.651720258237237,0.0,0.0,0.0,28.480912804821084
253,PA2,PASSED,42.30000000000033,45.300000000000374,48.200000000000415,57.20000000000054,2.9130434782608696,2.8913690758422628,8.987474504766187,0.0,0.0,0.0,14.79188705886932
254,PA1,PASSED,42.600000000000335,46.000000000000384,61.500000000000604,71.20000000000023,3.329192546583851,15.499999999999998,9.651720258237237,0.0,0.0,0.0,28.480912804821084
255,PA2,PASSED,42.600000000000335,45.60000000000038,48.50000000000042,57.300000000000544,2.9130434782608696,2.8913690758422628,8.766519760685105,0.0,0.0,0.0,14.570932314788237
256,PA1,PASSED,42.90000000000034,46.30000000000039,61.80000000000061,71.8000000000002,3.329192546583851,15.499999999999998,9.953899824728017,0.0,0.0,0.0,28.783092371311866
257,PA2,PASSED,42.90000000000034,45.90000000000038,48.80000000000042,57.80000000000055,2.9130434782608696,2.8913690758422628,8.987474504766187,0.0,0.0,0.0,14.79188705886932
258,PA1,PASSED,43.300000000000345,46.700000000000394,62.200000000000614,71.90000000000019,3.329192546583851,15.499999999999998,9.651720258237237,0.0,0.0,0.0,28.480912804821084
259,PA2,PASSED,43.300000000000345,46.30000000000039,49.20000000000043,58.20000000000056,2.9130434782608696,2.8913690758422628,8.987474504766187,0.0,0.0,0.0,14.79188705886932
260,PA1,PASSED,43.60000000000035,47.0000000000004,62.50000000000062,72.50000000000016,3.329192546583851,15.499999999999998,9.953899824728017,0.0,0.0,0.0,28.783092371311866
261,PA2,PASSED,43.60000000000035,46.60000000000039,49.50000000000043,58.30000000000056,2.9130434782608696,2.8913690758422628,8.766519760685105,0.0,0.0,0.0,14.570932314788237
262,PA1,PASSED,43.900000000000354,47.3000000000004,62.80000000000062,72.80000000000014,3.329192546583851,15.499999999999998,9.953899824728017,0.0,0.0,0.0,28.783092371311866
263,PA2,PASSED,43.900000000000354,46.9000000000004,49.80000000000044,58.800000000000566,2.9130434782608696,2.8913690758422628,8.987474504766187,0.0,0.0,0.0,14.79188705886932
264,PA1,PASSED,44.30000000000036,47.70000000000041,63.20000000000063,73.20000000000012,3.329192546583851,15.499999999999998,9.953899824728017,0.0,0.0,0.0,28.783092371311866
265,PA2,PASSED,44.30000000000036,47.3000000000004,50.20000000000044,59.20000000000057,2.9130434782608696,2.8913690758422628,8.987474504766187,0.0,0.0,0.0,14.79188705886932
266,PA1,PASSED,44.600000000000364,48.00000000000041,63.50000000000063,73.5000000000001,3.329192546583851,15.499999999999998,9.953899824728017,0.0,0.0,0.0,28.783092371311866
267,PA2,PASSED,44.600000000000364,47.600000000000406,50.50000000000045,59.500000000000576,2.9130434782608696,2.8913690758422628,8.987474504766187,0.0,0.0,0.0,14.79188705886932
268,PA1,PASSED,44.90000000000037,48.300000000000416,63.80000000000064,74.10000000000007,3.329192546583851,15.499999999999998,10.277480747037187,0.0,0.0,0.0,29.106673293621036
269,PA2,PASSED,44.90000000000037,47.90000000000041,50.80000000000045,59.80000000000058,2.9130434782608696,2.8913690758422628,8.987474504766187,0.0,0.0,0.0,14.79188705886932
270,PA1,PASSED,45.300000000000374,48.70000000000042,64.20000000000063,74.20000000000006,3.329192546583851,15.499999999999998,9.953899824728017,0.0,0.0,0.0,28.783092371311866
271,PA2,PASSED,45.300000000000374,48.300000000000416,51.20000000000046,60.200000000000585,2.9130434782608696,2.8913690758422628,8.987474504766187,0.0,0.0,0.0,14.79188705886932
272,PA1,PASSED,45.60000000000038,49.000000000000426,64.50000000000061,75.2,3.329192546583851,15.499999999999998,10.623484799336264,0.0,0.0,0.0,29.45267734592011
273,PA2,PASSED,45.60000000000038,48.60000000000042,51.50000000000046,60.50000000000059,2.9130434782608696,2.8913690758422628,8.987474504766187,0.0,0.0,0.0,14.79188705886932
274,PA1,PASSED,45.90000000000038,49.30000000000043,64.8000000000006,75.10000000000001,3.329192546583851,15.499999999999998,10.277480747037187,0.0,0.0,0.0,29.106673293621036
275,PA2,PASSED,45.90000000000038,48.900000000000425,51.800000000000466,60.800000000000594,2.9130434782608696,2.8913690758422628,8.987474504766187,0.0,0.0,0.0,14.79188705886932
276,PA1,PASSED,46.30000000000039,49.700000000000436,65.20000000000057,75.89999999999996,3.329192546583851,15.499999999999998,10.623484799336264,0.0,0.0,0.0,29.45267734592011
277,PA2,PASSED,46.30000000000039,49.30000000000043,52.20000000000047,61.2000000000006,2.9130434782608696,2.8913690758422628,8.987474504766187,0.0,0.0,0.0,14.79188705886932
278,PA1,PASSED,46.60000000000039,50.00000000000044,65.50000000000055,76.19999999999995,3.329192546583851,15.499999999999998,10.623484799336264,0.0,0.0,0.0,29.45267734592011
279,PA2,PASSED,46.60000000000039,49.600000000000435,52.500000000000476,61.80000000000061,2.9130434782608696,2.8913690758422628,9.224583944515196,0.0,0.0,0.0,15.028996498618328
280,PA1,PASSED,46.9000000000004,50.300000000000445,65.80000000000054,76.49999999999993,3.329192546583851,15.499999999999998,10.623484799336264,0.0,0.0,0.0,29.45267734592011
281,PA2,PASSED,46.9000000000004,49.90000000000044,52.80000000000048,62.10000000000061,2.9130434782608696,2.8913690758422628,9.224583944515196,0.0,0.0,0.0,15.028996498618328
282,PA1,PASSED,47.3000000000004,50.70000000000045,66.20000000000051,77.19999999999989,3.329192546583851,15.499999999999998,10.992748596145521,0.0,0.0,0.0,29.82194114272937
283,PA2,PASSED,47.3000000000004,50.300000000000445,53.200000000000486,62.50000000000062,2.9130434782608696,2.8913690758422628,9.224583944515196,0.0,0.0,0.0,15.028996498618328
284,PA1,PASSED,47.600000000000406,51.000000000000455,66.5000000000005,77.19999999999989,3.329192546583851,15.499999999999998,10.623484799336264,0.0,0.0,0.0,29.45267734592011
285,PA2,PASSED,47.600000000000406,50.60000000000045,53.50000000000049,63.000000000000625,2.9130434782608696,2.8913690758422628,9.479061091406429,0.0,0.0,0.0,15.283473645509561
286,PA1,PASSED,47.90000000000041,51.30000000000046,66.80000000000048,77.0999999999999,3.329192546583851,15.499999999999998,10.277480747037187,0.0,0.0,0.0,29.106673293621036
287,PA2,PASSED,47.90000000000041,50.90000000000045,53.800000000000495,63.30000000000063,2.9130434782608696,2.8913690758422628,9.479061091406429,0.0,0.0,0.0,15.283473645509561
288,PA1,PASSED,48.300000000000416,51.700000000000465,67.20000000000046,77.49999999999987,3.329192546583851,15.499999999999998,10.277480747037187,0.0,0.0,0.0,29.106673293621036
289,PA2,PASSED,48.300000000000416,51.30000000000046,54.2000000000005,63.50000000000063,2.9130434782608696,2.8913690758422628,9.224583944515196,0.0,0.0,0.0,15.028996498618328
290,PA1,PASSED,48.60000000000042,52.00000000000047,67.60000000000043,77.29999999999988,3.329192546583851,15.499999999999998,9.651720258237237,0.0,0.0,0.0,28.480912804821084
291,PA2,PASSED,48.60000000000042,51.60000000000046,54.500000000000504,64.00000000000064,2.9130434782608696,2.8913690758422628,9.479061091406429,0.0,0.0,0.0,15.283473645509561
292,PA1,PASSED,48.900000000000425,52.30000000000047,67.90000000000042,77.29999999999988,3.329192546583851,15.499999999999998,9.369810993838517,0.0,0.0,0.0,28.199003540422364
293,PA2,PASSED,48.900000000000425,51.90000000000047,54.80000000000051,64.6000000000006,2.9130434782608696,2.8913690758422628,9.752176034989077,0.0,0.0,0.0,15.55658858909221
294,PA1,PASSED,49.30000000000043,52.70000000000048,68.3000000000004,77.49999999999987,3.329192546583851,15.499999999999998,9.106988336046715,0.0,0.0,0.0,27.936180882630563
295,PA2,PASSED,49.30000000000043,52.30000000000047,55.200000000000514,64.7000000000006,2.9130434782608696,2.8913690758422628,9.479061091406429,0.0,0.0,0.0,15.283473645509561
296,PA1,PASSED,49.600000000000435,53.00000000000048,68.60000000000038,77.49999999999987,3.329192546583851,15.499999999999998,8.862057244135986,0.0,0.0,0.0,27.691249790719834
297,PA2,PASSED,49.600000000000435,52.60000000000048,55.50000000000052,65.30000000000057,2.9130434782608696,2.8913690758422628,9.752176034989077,0.0,0.0,0.0,15.55658858909221
298,PA1,PASSED,49.90000000000044,53.30000000000049,68.90000000000036,77.79999999999986,3.329192546583851,15.499999999999998,8.862057244135986,0.0,0.0,0.0,27.691249790719834
299,PA2,PASSED,49.90000000000044,52.90000000000048,55.80000000000052,65.60000000000055,2.9130434782608696,2.8913690758422628,9.752176034989077,0.0,0.0,0.0,15.55658858909221
300,PA1,PASSED,50.300000000000445,53.70000000000049,69.30000000000034,77.79999999999986,3.329192546583851,15.499999999999998,8.421199494446334,0.0,0.0,0.0,27.25039204103018
301,PA2,PASSED,50.300000000000445,53.30000000000049,56.20000000000053,66.00000000000053,2.9130434782608696,2.8913690758422628,9.752176034989077,0.0,0.0,0.0,15.55658858909221
302,PA1,PASSED,50.60000000000045,54.0000000000005,69.60000000000032,78.09999999999984,3.329192546583851,15.499999999999998,8.421199494446334,0.0,0.0,0.0,27.25039204103018
303,PA2,PASSED,50.60000000000045,53.60000000000049,56.50000000000053,66.30000000000051,2.9130434782608696,2.8913690758422628,9.752176034989077,0.0,0.0,0.0,15.55658858909221
304,PA1,PASSED,50.90000000000045,54.3000000000005,69.9000000000003,78.19999999999983,3.329192546583851,15.499999999999998,8.223045977027182,0.0,0.0,0.0,27.05223852361103
305,PA2,PASSED,50.90000000000045,53.900000000000496,56.80000000000054,66.90000000000047,2.9130434782608696,2.8913690758422628,10.04524129997884,0.0,0.0,0.0,15.849653854081973
306,PA1,PASSED,51.30000000000046,54.70000000000051,70.30000000000028,78.19999999999983,3.329192546583851,15.499999999999998,7.866150321443348,0.0,0.0,0.0,26.695342868027197
307,PA2,PASSED,51.30000000000046,54.3000000000005,57.20000000000054,67.30000000000045,2.9130434782608696,2.8913690758422628,10.04524129997884,0.0,0.0,0.0,15.849653854081973
308,PA1,PASSED,51.60000000000046,55.00000000000051,70.60000000000026,78.49999999999982,3.329192546583851,15.499999999999998,7.866150321443348,0.0,0.0,0.0,26.695342868027197
309,PA2,PASSED,51.60000000000046,54.600000000000506,57.50000000000055,67.30000000000045,2.9130434782608696,2.8913690758422628,9.752176034989077,0.0,0.0,0.0,15.55658858909221
310,PA1,PASSED,51.90000000000047,55.300000000000516,70.90000000000025,78.7999999999998,3.329192546583851,15.499999999999998,7.866150321443348,0.0,0.0,0.0,26.695342868027197
311,PA2,PASSED,51.90000000000047,54.90000000000051,57.80000000000055,67.90000000000042,2.9130434782608696,2.8913690758422628,10.04524129997884,0.0,0.0,0.0,15.849653854081973
312,PA1,PASSED,52.30000000000047,55.70000000000052,71.30000000000022,78.89999999999979,3.329192546583851,15.499999999999998,7.55569028686828,0.0,0.0,0.0,26.384882833452128
313,PA2,PASSED,52.30000000000047,55.300000000000516,58.20000000000056,68.3000000000004,2.9130434782608696,2.8913690758422628,10.04524129997884,0.0,0.0,0.0,15.849653854081973
314,PA1,PASSED,52.60000000000048,56.000000000000526,71.60000000000021,79.39999999999976,3.329192546583851,15.499999999999998,7.705542099374616,0.0,0.0,0.0,26.534734645958466
315,PA2,PASSED,52.60000000000048,55.60000000000052,58.50000000000056,68.3000000000004,2.9130434782608696,2.8913690758422628,9.752176034989077,0.0,0.0,0.0,15.55658858909221
316,PA1,PASSED,52.90000000000048,56.30000000000053,71.90000000000019,79.49999999999976,3.329192546583851,15.499999999999998,7.55569028686828,0.0,0.0,0.0,26.384882833452128
317,PA2,PASSED,52.90000000000048,55.900000000000524,58.800000000000566,68.90000000000036,2.9130434782608696,2.8913690758422628,10.04524129997884,0.0,0.0,0.0,15.849653854081973
318,PA1,PASSED,53.30000000000049,56.700000000000536,72.30000000000017,79.79999999999974,3.329192546583851,15.499999999999998,7.415820911801994,0.0,0.0,0.0,26.24501345838584
319,PA2,PASSED,53.30000000000049,56.30000000000053,59.20000000000057,69.30000000000034,2.9130434782608696,2.8913690758422628,10.04524129997884,0.0,0.0,0.0,15.849653854081973
320,PA1,PASSED,53.60000000000049,57.00000000000054,72.60000000000015,79.89999999999974,3.329192546583851,15.499999999999998,7.285219834019128,0.0,0.0,0.0,26.114412380602975
321,PA2,PASSED,53.60000000000049,56.600000000000534,59.500000000000576,69.60000000000032,2.9130434782608696,2.8913690758422628,10.04524129997884,0.0,0.0,0.0,15.849653854081973
322,PA1,PASSED,53.900000000000496,57.300000000000544,72.90000000000013,80.09999999999972,3.329192546583851,15.499999999999998,7.163229600122433,0.0,0.0,0.0,25.992422146706282
323,PA2,PASSED,53.900000000000496,56.90000000000054,59.80000000000058,69.9000000000003,2.9130434782608696,2.8913690758422628,10.04524129997884,0.0,0.0,0.0,15.849653854081973
324,PA1,PASSED,54.3000000000005,57.70000000000055,73.30000000000011,80.39999999999971,3.329192546583851,15.499999999999998,7.049246024969603,0.0,0.0,0.0,25.878438571553453
325,PA2,PASSED,54.3000000000005,57.300000000000544,60.200000000000585,70.30000000000028,2.9130434782608696,2.8913690758422628,10.04524129997884,0.0,0.0,0.0,15.849653854081973
326,PA1,PASSED,54.600000000000506,58.000000000000554,73.6000000000001,80.5999999999997,3.329192546583851,15.499999999999998,6.9427146721284725,0.0,0.0,0.0,25.77190721871232
327,PA2,PASSED,54.600000000000506,57.60000000000055,60.50000000000059,70.60000000000026,2.9130434782608696,2.8913690758422628,10.04524129997884,0.0,0.0,0.0,15.849653854081973
328,PA1,PASSED,54.90000000000051,58.30000000000056,73.90000000000008,80.99999999999967,3.329192546583851,15.499999999999998,7.049246024969603,0.0,0.0,0.0,25.878438571553453
329,PA2,PASSED,54.90000000000051,57.90000000000055,60.800000000000594,70.90000000000025,2.9130434782608696,2.8913690758422628,10.04524129997884,0.0,0.0,0.0,15.849653854081973
330,PA1,PASSED,55.300000000000516,58.700000000000564,74.30000000000005,81.09999999999967,3.329192546583851,15.499999999999998,6.750018731666712,0.0,0.0,0.0,25.57921127825056
331,PA2,PASSED,55.300000000000516,58.30000000000056,61.2000000000006,71.60000000000021,2.9130434782608696,2.8913690758422628,10.359589438637137,0.0,0.0,0.0,16.164001992740268
332,PA1,PASSED,55.60000000000052,59.00000000000057,74.60000000000004,81.49999999999964,3.329192546583851,15.499999999999998,6.843127353725935,0.0,0.0,0.0,25.67231990030978
333,PA2,PASSED,55.60000000000052,58.60000000000056,61.500000000000604,71.90000000000019,2.9130434782608696,2.8913690758422628,10.359589438637137,0.0,0.0,0.0,16.164001992740268
334,PA1,PASSED,55.900000000000524,59.30000000000057,74.90000000000002,81.89999999999962,3.329192546583851,15.499999999999998,6.9427146721284725,0.0,0.0,0.0,25.77190721871232
335,PA2,PASSED,55.900000000000524,58.90000000000057,61.80000000000061,72.50000000000016,2.9130434782608696,2.8913690758422628,10.69654035250494,0.0,0.0,0.0,16.50095290660807
336,PA1,PASSED,56.30000000000053,59.70000000000058,75.3,81.99999999999962,3.329192546583851,15.499999999999998,6.662963073923846,0.0,0.0,0.0,25.492155620507695
337,PA2,PASSED,56.30000000000053,59.30000000000057,62.200000000000614,72.60000000000015,2.9130434782608696,2.8913690758422628,10.359589438637137,0.0,0.0,0.0,16.164001992740268
338,PA1,PASSED,56.600000000000534,60.00000000000058,75.59999999999998,82.3999999999996,3.329192546583851,15.499999999999998,6.750018731666712,0.0,0.0,0.0,25.57921127825056
339,PA2,PASSED,56.600000000000534,59.60000000000058,62.50000000000062,73.20000000000012,2.9130434782608696,2.8913690758422628,10.69654035250494,0.0,0.0,0.0,16.50095290660807
340,PA1,PASSED,56.90000000000054,60.30000000000059,75.89999999999996,82.79999999999957,3.329192546583851,15.499999999999998,6.843127353725935,0.0,0.0,0.0,25.67231990030978
341,PA2,PASSED,56.90000000000054,59.90000000000058,62.80000000000062,73.5000000000001,2.9130434782608696,2.8913690758422628,10.69654035250494,0.0,0.0,0.0,16.50095290660807
342,PA1,PASSED,57.300000000000544,60.70000000000059,76.29999999999994,82.89999999999957,3.329192546583851,15.499999999999998,6.581571199039004,0.0,0.0,0.0,25.41076374562285
343,PA2,PASSED,57.300000000000544,60.30000000000059,63.20000000000063,73.90000000000008,2.9130434782608696,2.8913690758422628,10.69654035250494,0.0,0.0,0.0,16.50095290660807
344,PA1,PASSED,57.60000000000055,61.0000000000006,76.59999999999992,83.19999999999955,3.329192546583851,15.499999999999998,6.581571199039004,0.0,0.0,0.0,25.41076374562285
345,PA2,PASSED,57.60000000000055,60.60000000000059,63.50000000000063,74.20000000000006,2.9130434782608696,2.8913690758422628,10.69654035250494,0.0,0.0,0.0,16.50095290660807
346,PA1,PASSED,57.90000000000055,61.3000000000006,76.8999999999999,83.49999999999953,3.329192546583851,15.499999999999998,6.581571199039004,0.0,0.0,0.0,25.41076374562285
347,PA2,PASSED,57.90000000000055,60.900000000000595,63.80000000000064,74.90000000000002,2.9130434782608696,2.8913690758422628,11.057355243956534,0.0,0.0,0.0,16.861767798059667
348,PA1,PASSED,58.30000000000056,61.70000000000061,77.29999999999988,83.69999999999952,3.329192546583851,15.499999999999998,6.367976390989625,0.0,0.0,0.0,25.197168937573473
349,PA2,PASSED,58.30000000000056,61.3000000000006,64.20000000000063,74.90000000000002,2.9130434782608696,2.8913690758422628,10.69654035250494,0.0,0.0,0.0,16.50095290660807
350,PA1,PASSED,58.60000000000056,62.00000000000061,77.59999999999987,83.69999999999952,3.329192546583851,15.499999999999998,6.097632819212057,0.0,0.0,0.0,24.926825365795906
351,PA2,PASSED,58.60000000000056,61.600000000000605,64.50000000000061,75.99999999999996,2.9130434782608696,2.8913690758422628,11.443173461177697,0.0,0.0,0.0,17.24758601528083
352,PA1,PASSED,58.90000000000057,62.300000000000615,77.89999999999985,83.9999999999995,3.329192546583851,15.499999999999998,6.054490101346278,0.0,0.0,0.0,24.883682647930126
353,PA2,PASSED,58.90000000000057,61.90000000000061,64.8000000000006,75.89999999999996,2.9130434782608696,2.8913690758422628,11.057355243956534,0.0,0.0,0.0,16.861767798059667
354,PA1,PASSED,59.30000000000057,62.70000000000062,78.29999999999983,84.29999999999949,3.329192546583851,15.499999999999998,5.97785189753901,0.0,0.0,0.0,24.80704444412286
355,PA2,PASSED,59.30000000000057,62.300000000000615,65.20000000000057,76.69999999999992,2.9130434782608696,2.8913690758422628,11.443173461177697,0.0,0.0,0.0,17.24758601528083
356,PA1,PASSED,59.60000000000058,63.000000000000625,78.59999999999981,84.59999999999947,3.329192546583851,15.499999999999998,5.97785189753901,0.0,0.0,0.0,24.80704444412286
357,PA2,PASSED,59.60000000000058,62.60000000000062,65.50000000000055,76.9999999999999,2.9130434782608696,2.8913690758422628,11.443173461177697,0.0,0.0,0.0,17.24758601528083
358,PA1,PASSED,59.90000000000058,63.30000000000063,78.89999999999979,84.89999999999945,3.329192546583851,15.499999999999998,5.97785189753901,0.0,0.0,0.0,24.80704444412286
359,PA2,PASSED,59.90000000000058,62.900000000000624,65.80000000000054,77.29999999999988,2.9130434782608696,2.8913690758422628,11.443173461177697,0.0,0.0,0.0,17.24758601528083
